Doug Williams,Jeff Bruel,alyssa newman,Lauren Leonard,nicole brisebois,Aruna Sangli,Keith Robinson,Dan Petersen,najib magee,Tim Price,Ken Finn,Janine Marr,Richard Schwieterman,Doug Williams,Jonathan Gaull,Anthony-Hung Tran,Paul Hewes,Scott Warner,Martin Bednar,Paul Hewes,Jonathan Mayes,Scott Spierling,Aki Yamakawa,Travis Weller,Greg Roelofs,Jeremy Nguyen,alex koski,Chris Wright,Kingsley Chen,Joe Lu,Mark Goldman,Peter Jones,Brian Loveless,Shaun Ralston,Robert Broesler,Doug Williams,Christian Olgaard,John Brown,Janay MacNaughton,Chad Conway,Eric McDermott,Susan Stewart,Richard Schwieterman,Becky Dowdakin,Wayne Rudolf,John Olson,Jeff Daniels,Frank Clark,Robert Neff,Ian Bennett
Afro Samurai,Afro Samurai Resurrection,Angel Beats!,Baccano!,Bakemonogatari,Bakemonogatari Recap,Berserk,Beyblade,Beyblade G Revolution,Beyblade - The Movie,Beyblade V-Force,Black Rock Shooter,Bleach,Bleach: Memories in the Rain,Bleach Movie 1: Memories of Nobody,Bleach Movie 2: The DiamondDust Rebellion - Mouhitotsu no Hyourinmaru,Bleach Movie 3: Fade to Black - Kimi no Na o Yobu,Bleach: The Sealed Sword Frenzy,Blue Exorcist,Blue Exorcist Specials,Bokurano,Captain Tsubasa,Chaos;HEAd,Chrono Crusade,Clannad,Clannad After Story,Claymore,Code Geass: Lelouch of the Rebellion,Code Geass: Lelouch of the Rebellion - Kiseki no Birthday Picture Drama,Code Geass: Lelouch of the Rebellion Picture Drama,Code Geass: Lelouch of the Rebellion R2,Code Geass: Lelouch of the Rebellion R2 Picture Drama,Code Geass: Lelouch of the Rebellion R2 Special Edition - Zero Requiem,Code Geass: Lelouch of the Rebellion Recaps,Code Geass: Lelouch of the Rebellion Special Edition - Black Rebellion,Cowboy Bebop,Cowboy Bebop Session XX: Mish-Mash Blues,Cowboy Bebop: The Movie,Cross Game,Cyber Formula ZERO,Darker Than Black: Beneath the Fully Bloomed Cherry Blossoms,Darker Than Black - Kuro no Keiyakusha,Darker than Black: Kuro no Keiyakusha Gaiden,Darker than Black: Ryuusei no Gemini,Death Note,Death Note Rewrite 1: The Visualizing God,Death Note Rewrite 2: L's Successors,Detroit Metal City,Devil May Cry,D.Gray-man
2003 Bassmaster Tour #5 (Lake Eufaula),2003 Bassmaster Tour #4 (Toledo Bend Reservoir),2003 Bassmaster Tour #4 (Lake Seminole),2003 Bassmaster Tour #2 (Lake Okeechobee),2003 Bassmaster Tour #1 (Harris Chain Of Lakes),2002 Central Open #3 (Sam Rayburn Reservoir),2002 Central Open #2 (Lake Ouachita),2002 Central Open #1 (Red River),2002 Bassmaster Classic (Lay Lake),2002 Alabama Bassmaster Tour (Lake Eufaula),2002 Alabama Bassmaster Tour (Lake Guntersville),2002 Louisiana Central Open (Toledo Bend Reservoir),2002 Texas Central Open (Sam Rayburn Reservoir),2002 Georgia Bassmaster Tour (Lake Seminole),2001 Florida Tour (Kissimmee Chain of Lakes),2001 Missouri Central Open (Lake Of The Ozarks),2001 Louisiana Bassmaster Tour (Red River),2001 Oklahoma Central Open (Fort Gibson Lake),2001 Michigan Bassmaster Tour (Lake St. Clair),2001 Bassmaster Megabucks (Douglas Lake),2001 Missouri Central Invitational (Table Rock Lake),2001 Alabama Bassmaster Top 150 (Lake Wheeler),2001 Texas Central Invitational (Sam Rayburn Reservoir),2001 Louisiana Bassmaster Top 150 (Toledo Bend Reservoir),2001 Florida Bassmaster Top 150 (Kissimmee Chain of Lakes),2000 Missouri Central Invitational (Lake Of The Ozarks),2000 Alabama Bassmaster Top 150 (Mobile Delta),2000 Louisiana Central Invitational (Red River),2000 Louisiana Bassmaster Top 150 (Louisiana Delta),2000 Maryland Bassmaster Top 150 (Potomac River),2000 Alabama Bassmaster Top 150 (Lake Wheeler),2000 Bassmaster Megabucks (Lake Murray),2000 Georgia Bassmaster Top 150 (Lake Seminole),2000 Florida Eastern Invitational (Lake Okeechobee),2000 Florida Bassmaster Top 150 (Kissimmee Chain of Lakes),1999 Alabama Eastern Invitational (Lake Martin),1999 Maryland Bassmaster Top 150 (Potomac River),1999 New York Invitational (St. Lawrence River),1999 Vermont Bassmaster Top 150 (Lake Champlain),1999 Michigan Bassmaster Top 150 (Lake St. Clair),1999 Bassmaster Classic (Louisiana Delta),1999 Bassmaster Megabucks (Old Hickory Lake),1999 Nevada Bassmaster Top 150 (Lake Mead),1999 Alabama Bassmaster Top 150 (Lake Wheeler),1999 Texas Central Invitational (Sam Rayburn Reservoir),1999 Florida BassmasterTop 150 (Kissimmee Chain of Lakes),1998 Missouri Central Invitational (Lake Of The Ozarks),1998 Alabama Bassmaster Top 150 (Logan Martin Lake),1998 Louisiana Bassmaster Top 150 (Louisiana Delta),1998 Maryland Bassmaster Top 150 (Potomac River)
1 A,1 C,1 D,1 E,1 F,1 G,1 H,1 K,14 A,14 C,14 H,14 K,15 A,15 C,15 H,15 K,16 A,16 C,16 D,16 E,16 F,16 G,16 H,16 K,17 A,17 C,17 D,17 E,17 F,17 G,17 H,17 K,18 A,18 C,18 D,18 E,18 F,18 G,18 H,18 K,19 A,19 C,19 D,19 E,19 F,19 G,19 H,19 K,2 A,2 C,2 D,2 E,2 F,2 G,2 H,2 K,20 A,20 C,20 D,20 E,20 F,20 G,20 H,20 K,21 A,21 C,21 D,21 E,21 F,21 G,21 H,21 K,22 A,22 C,22 D,22 E,22 F,22 G,22 H,22 K,23 A,23 C,23 D,23 E,23 F,23 G,23 H,23 K,24 A,24 C,24 D,24 E,24 F,24 G,24 H,24 K,25 A,25 C,25 D,25 E,25 F,25 G,25 H,25 K,26 A,26 C,26 D,26 E,26 F,26 G,26 H,26 K,27 A,27 C,27 D,27 E,27 F,27 G,27 H,27 K,28 A,28 C,28 D,28 E,28 F,28 G,28 H,28 K,29 A,29 C,29 D,29 E,29 F,29 G,29 H,29 K,3 A,3 C,3 D,3 E,3 F,3 G,3 H,3 K,30 A,30 C,30 D,30 E,30 F,30 G,30 H,30 K,31 A,31 C,31 D,31 E,31 F,31 G,31 H,31 K,32 A,32 C,32 D,32 E,32 F,32 G,32 H,32 K,33 A,33 C,33 D,33 E,33 F,33 H,33 K,34 A,34 C,34 H,34 K,36 A,36 C,36 D,36 E,36 F,36 G,36 H,36 K,37 A,37 C,37 D,37 E,37 F,37 G,37 H,37 K,38 A,38 C,38 D,38 E,38 F,38 G,38 H,38 K,39 A,39 C,39 D,39 E,39 F,39 G,39 H,39 K,4 A,4 C,4 D,4 E,4 F,4 G,4 H,4 K,40 A,40 C,40 D,40 E,40 F,40 G,40 H,40 K,41 A,41 C,41 D,41 E,41 F,41 G,41 H,41 K,42 A,42 C,42 D,42 E,42 F,42 G,42 H,42 K,43 A,43 C,43 D,43 E,43 F,43 G,43 H,43 K,44 A,44 C,44 D,44 E,44 F,44 G,44 H,44 K,45 A,45 C,45 D,45 E,45 F,45 G,45 H,45 K,46 A,46 C,46 D,46 E,46 F,46 G,46 H,46 K,47 A,47 C,47 D,47 E,47 G,47 H,47 K,48 A,48 C,48 D,48 E,48 G,48 H,48 K,49 A,49 C,49 D,49 E,49 G,49 H,49 K,5 A,5 C,5 D,5 E,5 F,5 G,5 H,5 K,50 A,50 C,50 D,50 E,50 G,50 H,50 K,51 D,51 E,51 G,6 A,6 C,6 D,6 E,6 F,6 G,6 H,6 K,7 A,7 C,7 D,7 E,7 F,7 G,7 H,7 K,8 A,8 C,8 D,8 E,8 F,8 G
Exxon Mobil Corporation,Sigma-Aldrich Corporation,Procter & Gamble Company,Philip Morris International,Chubb Corporation,Chevron Corporation,Deere & Company,AT&T;,Johnson & Johnson,Caterpillar,Loews Corporation,Covidien,Norfolk Southern,Schlumberger,Altria,Berkshire Hathaway,Kraft Foods,JPMorgan Chase & Co.,Monsanto Company,Dover Corporation,Royal Dutch Shell,Tyco International Ltd S hs,International Business Machines,Carnival Corporation,iShares MSCI EAFE Index Fund,SPDR Gold Trust,iShares MSCI Emerging Markets Indx,Coca-Cola Company,Merck & Co,ConocoPhillips,Petroleo Brasileiro SA,3M Company,General Electric Company,Cisco Systems,Berkshire Hathaway,Devon Energy Corporation,Pepsi,Pfizer,Microsoft Corporation,Verizon Communications,Central Gold-Trust,Northern Trust Corporation,salesforce,QUALCOMM,Vodafone,Wells Fargo & Company,Sprott Physical Gold Trust,NetLogic Microsystems,Colgate-Palmolive Company,Emerson Electric,Bristol Myers Squibb,Briggs & Stratton Corporation,Belo
Alphabet Poem,Calicoe Pie,Cold Are The Crabs,He Lived At Dingle Bank,How Pleasant To Know Mr. Lear,Imitation Of The Olden Poets,Incidents In The Life Of My Uncle Arly,Limerick: The Was A Young Lady Of Bute,Limerick: There Was A Young Lady In White,"Limerick: There Was A Young Lady Of Dorking,",Limerick: There Was A Young Lady Of Hull,"Limerick: There Was A Young Lady Of Norway,",Limerick: There Was A Young Lady Of Poole,Limerick: There Was A Young Lady Of Portugal,Limerick: There Was A Young Lady Of Ryde,Limerick: There Was A Young Lady Of Turkey,Limerick: There Was A Young Lady Whose Bonnet,Limerick: There Was A Young Lady Whose Chin,Limerick: There Was A Young Lady Whose Nose,Limerick: There Was An Old Lady Of Chertsey,Limerick: There Was An Old Man In A Boat,Limerick: There Was An Old Man Of Dundee,Limerick: There Was An Old Man Of Jamaica,Limerick: There Was An Old Man Of Madras,Limerick: There Was An Old Man Of Peru,Limerick: There Was An Old Man Of The Hague,Limerick: There Was An Old Man On A Hill,"Limerick: There Was An Old Man On Some Rocks,",Limerick: There Was An Old Man Who Felt Pert,Limerick: There Was An Old Man With A Beard,Limerick: There Was An Old Person Of Leeds,Limerick:There Was A Young Lady Of Parma,"Limerick:There Was A Young Lady Of Troy,",Limerick:There Was An Old Man With A Beard,Limerick:There Was An Old Man With A Owl,Limerick:There Was An Old Person Of Sparta,Mr And Mrs Discobbolos,Mrs Jaypher,Nonsense Alphabet,Parody Of Tennyson'sto Edward Lear On His Travels In Greece,Teapots And Quails,The Akond Of Swat,The Courtship Of The Yonghy-Bonghy-Bo,The Daddy Long-Legs And The Fly,The Dong With A Luminous Nose,The Duck And The Kangaroo,The Jumblies,The New Vestments,The Nutcrackers And The Sugar-Tongs,The Pelican Chorus,The Pobble Who Has No Toes,The Quangle Wangle's Hat,The Table And The Chair,The Two Old Bachelors,There Was An Old Man In A Tree,There Was An Old Man Of Calcutta,There Was An Old Man With A Beard,There Was An Old Person Of Nice,Total,Average
Editorial Project Manager Confidential,Strategic Content Writer The Daily Dot,Editorial Assistant The McClatchy Company,Senior Digital Medical Writer/Editor Frontline Medical Communications Inc.,Social Community Manager ZEDGE,"Contract Web Marketing Manager, Mount Sinai Heart Mount Sinai Health System",Direct Marketing Copywriter Agora Inc.,Marketing Solutions Coordinator (Advertising Operations) FierceMarkets,Media Buyer Quad/Graphics,Senior Negotiator Quad/Graphics,Marketing Analyst Quad/Graphics,Strategic Account Manager Vendome Healthcare Media,Digital Marketing Coordinator/Assistant Manager - Dutton Penguin Random House U.S.A.,Editorial & Multimedia Interns Fall 2015 Weill Cornell Medical College,Full Stack Web Developer J. Walter Thompson INSIDE,Photo Editor CafeMom,Executive Assistant Scott Rudin Productions,Associate Producer Travelzoo,"Associate, Digital Media New Jersey Performing Arts Center",Senior Associate Bully Pulpit Interactive,"Account Director, Reuters Thomson Reuters",Social Media Associate Ballet Beautiful,Graphic Designer Helen Keller International,Advertising Sales Rep Local Brooklyn Newspaper,Sales Professional Travelzoo,Digital Sales Associate AMC Networks,Sales Professional Signet Research Inc.,Content Editor - WEB KPRC - TV,PUBLICITY DIRECTOR Regan Arts,TV News Producer KPRC - TV,"Project Manager, Onion Labs The Onion","Program Manager, Reuters Content Solutions Thomson Reuters",Integrated Marketing Manager - Saveur Bonnier Corporation - Saveur,Editor Leading Travel Web Site,Account Executive DeVries Global,"Assistant Art Director - Star Magazine American Media, Inc.",Sales Pride Life Company,Head of Inbound Marketing TheSquareFoot,Assistant Editor Frontline Medical Communications Inc.,Sales Manager - Corp Digital Solutions West Coast The New York Times,"Higher Education Sales Manager - CA, NV, & HI The New York Times",Production Manager Energy Intelligence,Retail Sales Associate Concept Skechers,"Senior Web Producer, The New Yorker Condé Nast",Account Executive J. Walter Thompson INSIDE,Search Engine Marketing Manager J. Walter Thompson INSIDE,Account Supervisor J. Walter Thompson INSIDE,Associate Planner J. Walter Thompson INSIDE,"Senior Director, Business Development (NYC) Coupons.com, Inc",Associate General Counsel ALM
Senior Editor Springer Science+Business Media,Senior Editor Springer Science+Business Media,"Digital Project Manager Marketing Factory, Inc","Public Relations - Account Supervisor CooperKatz & Company, Inc.",Editorial Assistant EatingWell Media Group,Senior Medical Writer Springer Science + Business Media,Reporter/Blogger (Political Corruption) The Intercept,"VP, Marketing The Energy Project",Editorial Assistant Taylor & Francis,Editor In Chief PBH Network,Chief Matchmaking Officer Gotham Ghostwriters,"Art Director, Air Canada’s enRoute Magazine Spafax",Marketing & Publicity Specialist American Psychological Association,Social Media Assistant LittleThings,Account Director Mediamax Network,Account Director MediaMax Network,Digital Media Analyst A Great Downtown Agency,University Relations Account Executive The Chronicle of Higher Education,Marketing Assistant Taylor & Francis,Web Marketing Manager Next Issue Media,Account Manager DADA Goldberg PR,Sr. Account Director-Integrated Sales Los Angeles Times,"Marketing Communications Specialist 3 (Designer, The Penn Stater Magazine) Pennsylvania State University","Finance Writer, Public Relations Credit Karma",Senior Account Executive JONESWORKS,"Manager, Social Media HigherEducation.com",Media Planner/Buyer Merle Norman Cosmetics,"Director, Content HigherEducation.com",Associate Editor Furniture/Today Progressive Business Media,"Manager, Audience & Database | Marketing SourceMedia | Downtown NYC","Reporter, Delaware Courts Law360","Digital Media Planner iCrossing, Inc.",Email Marketing Coordinator SourceMedia,Executive Creative Director Vox Media,Digital Marketing Manager The Jewish Museum,Editor (AAP.org Web Content) American Academy of Pediatrics AAP.org,"Fashion News Editor, Teen Vogue Condé Nast",Junior Business Development Associate Washingtonian Custom Media,Executive Assistant to the CEO Hiltzik Strategies,Social Media Manager Nadine Johnson & Associates,Senior Graphic Designer Hanley Wood,Senior Account Executive Cultivate PR,"Associate Publishing Manager, Crown Publishing Group Penguin Random House U.S.A.",Global Internal Communications Writer McKinsey & Co.,.NET Web Developer Wenner Media,News Producer News 12 Networks,News Reporter News 12 Networks,Weather Anchor News 12 Networks,Video Editor/Producer Slate Magazine,Associate Sales Planner WebMD
"""In White"": Frost's Early Version Of Design",A Boundless Moment,A Brook In The City,A Cliff Dwelling,A Considerable Speck,A Dream Pang,A Late Walk,A Line-Storm Song,A Minor Bird,A Patch Of Old Snow,A Prayer In Spring,A Question,A Servant To Servants,A Soldier,A Time To Talk,Acquainted With The Night,After Apple Picking,An Old Man's Winter Night,Asking For Roses,Bereft,Birches,Blueberries,Bond And Free,But Outer Space,Canis Major,Carpe Diem,Christmas Trees,Come In,Departmental,Desert Places,Design,Devotion,Dust Of Snow,Evening In A Sugar Orchard,Fire And Ice,Fireflies In The Garden,Flower-Gathering,"For Once, Then, Something",Fragmentary Blue,Gathering Leaves,Ghost House,God's Garden,Going For Water,"Good-Bye, And Keep Cold",Hannibal,Home Burial,Hyla Brook,In A Disused Graveyard,In A Poem,In A Vale,In Equal Sacrifice,In Hardwood Groves,In Neglect,In White,Into My Own,Iota Subscript,Iris By Night,Leaves Compared With Flowers,Love And A Question,Meeting And Passing,Mending Wall,Mowing,My Butterfly,My November Guest,Neither Out Far Nor In Deep,Never Again Would Bird's Song Be The Same,Not To Keep,Nothing Gold Can Stay,Now Close The Windows,October,On Looking Up By Chance At The Constellations,Once By The Pacific,One Step Backward Taken,"Out, Out",Pan With Us,Plowmen,"Provide, Provide",Putting In The Seed,Quandary,Range-Finding,Reluctance,Revelation,Rose Pogonias,Spoils Of The Dead,Spring Pools,Stars,Stopping By Woods On A Snowy Evening,Storm Fear,The Aim Was Song,The Armful,The Axe-Helve,The Bear,The Black Cottage,The Bonfire,The Code—heroics,The Cow In Apple-Time,The Death Of The Hired Man,The Demiurge's Laugh,The Exposed Nest,The Fear,The Flower Boat,The Gift Outright,The Gum-Gatherer,The Impulse,The Line-Gang,The Lockless Door,The Master Speed,The Mountain,The Need Of Being Versed In Country Things,The Objection To Being Stepped On,The Oft-Repeated Dream,The Oven Bird,The Pasture,The Road Not Taken,The Rose Family,The Secret Sits,The Silken Tent,The Soldier,The Sound Of Trees,The Span Of Life,The Star Splitter,The Telephone,The Trial By Existence,The Tuft Of Flowers,The Vanishing Red,The Vantage Point,The Wood-Pile,They Were Welcome To Their Belief,To E.T.,To Earthward,To The Thawing Wind,Tree At My Window,Two Look At Two,Two Tramps In Mud Time,Unharvested,Waiting -- Afield At Dusk,What Fifty Said..,Wind And Window Flower,Total,Average
Ben Dang,Robert Schuur,Daniel Sullivan,Ken Finn,Daniel Sullivan,Daniel Sullivan,Boaz Ben-Zvi,Mark Covington,Christine Culver,Jeremy Ware,Ken Finn,Kent Carey,Sean Clancy,Philip Harvey,Mike Wong,Phil Flanner,Sean Melchionda,Mary Small,Ada Wong,Jeremy Ware,Yoshiro Nakajima,Tim Wong,Don Shockey,Daniel Sullivan,Christina Jaworski,James Van Campen,Karl Danz,Ken Finn,Heath Maddox,Wayne Rudolf,Eric Johnston,Zarah Rahman,Loni Behler,James Eales,Greg Shverdin,Frank Clark,Taska Sanford,Kristin Drumm,Cary Laird,Christine Culver,John Brown,Matt Cunha-Rigby,Ruedi Brunner,David Turnipseed,Matthew Mosen,Justin Tucker,Michael Josselyn,Mark Endler,Denise Madland,Cameron Wolff
A Bad Or A Good Teacher,A Bike Is Just A Bike,A Car Is Just A Car!,A Marriage Of Two,A Moment Of Fun,A Poem With The Perfect Rhyme,Accept My Sympathy,Anger Does Not Pay,Baby Vs Adult,"Baby, Listen To My Heart!",Beautiful!,"Behold, I Adore Beauty",Breaking The Silence,By Fate,By The River,Cigarette Smoking,Clap Your Wings Butterfly,Culture,Down To The Beach,Farewell My Friend,Fear,Freedom Is Walking,Funny,Gently My Friend,Greed,"Green, Green And Green",Happy Birthday,Happy New Year My Dear,Have You Ever Been Sick?,Have You Got The Courage?,Heather The Weather,Heaven They Say!,Hold Not Thy Laughter,Homework,How Romantic!,I Began To Hate,I Fancy You,I Have A Brother,I Love My Hair,I Remember My Childhood,I Want Change,I Want To Forget You,I Will Be Your Husband,Identity Of A Person,If You Don’t Travel,In A Mans World,In Solitude,In Sorrow,Innocence!,Into The Future,Is It Tea Or Coffee?,It Is Murder,Justice,Kiss Me Slowly,Knowledge,L.O.V.E,Life Is Life,Life Is....,Little Black Box Called Television!,Love Is....,Love Me For Love,Loves True Meaning!,Luck And Money,"Lust, Lust, Lust",Make Love To Me Slowly,Mama Africa,Many A Time,Matters Of The Heart,Michael Jackson! King Of Pop,Midnight Prostitute,"Mirror, Mirror In The Hall",Miss Cinderella's Forgotten Shoe,Money Talks!,Mother Nature,My Political Hero,"Peace, Peace, Peace",Pink Is My Colour,Playing The Hero!,Pleasure,Power Is?,"Rainbow, Rainbow",Remember Bad Times Will Pass Away,Respect Time!,"Respect, Respect Me",Retirement Rendezvous,Sad,Sea Facts!,Slaves Of Food,Sleep My Little One,Smile Little Man,So Alone!,Sounds Of Wedding Bells,Starving Nations,"Sunshine, Sunshine","Sweet Sixteen, Welcome To Motherhood","Thank You, Mom",That Is Nature!,That Was Our Moment,The American Natural Disaster,The Animal In Me,The Burning Cars Of France,The Dorset Chilli,The Effect Of Words,The Essence Of Water,The Final Goodbye,The Garden Of Simple Things,The Grand Piano,The Journey Of Life,The Month Of June,The Ocean I Know!,The Things I Love With A Passion,The Truth In You,This Is A Warning,Tiger In The Wood,Trust Me!,Unripe Apples Don'T Fall,Up! Education,Vanishing Dreams,Vanity,Wandering Justice,What Is Loss?,What Is Music To You?,Without Women,Work! Work! And Reap!,You Wander As A Lonely,Your Memory Stays On,Total,Average
Lauren Leonard,najib magee,Keith Robinson,Mark Goldman,Aki Yamakawa,Kingsley Chen,Joe Lu,Robert Broesler,Frank Clark,Susan Stewart,Janay MacNaughton,Christian Olgaard,Eric McDermott,alex koski,Robert Neff,Ian Emmons,Mr Brody,Mark Swigert,Aron Mason,Andrew Tran,Ricardo Saito,john cheetham,Justin Smith,Andrew Hsu,Charles Eckel,Greg Dolder,Ken Finn,Anne Wellington,Richard Schneider,Richard Schwieterman,Dan Scrivner,Jon Takao,CEFERINO GALINDO,curtis corlew,Kenny Beaver,Ken S,Dave Stoll,Janelle Anderson,Loren Vorreiter,David McQuate,tim terry,Jonathan Mayes,Paul Hewes,Jacob Hull,lori treseder,Julius Pioroda,Timmy Bolton,Candice Phrogus,John Brown,Rushang Mehta
Janelle Anderson,Richard Ruh,tim terry,John Dang,Loren Vorreiter,Bill Bumgarner,Candice Phrogus,John Dang,Timmy Bolton,lori treseder,Jonathan Botkin,Paul Hewes,Michael Atwood,Greg Roelofs,Michael Atwood,Sue Bennett,David Favello,Kelly Dawson,Julius Pioroda,Jacob Hull,Richard Schwieterman,Steve Sergeant,Ian Bennett,Greg Roelofs,John Dang,nick gosseen,Nate Miller,Dick Evans,Greg Roelofs,Rushang Mehta,Clemens Drews,Rachel Davis,James Eales,stephen noble,John Brown,Doug Williams,Bob Leonis,Greg Roelofs,Greg Roelofs,John Cook,Scott Spierling,ben berto,Myles Culhane,Garland Lee,Joseph Coronel,Greg Roelofs,Kathy Smith,Derek Carr,scott crosby,Rusty Moore
Krista Salas,Chris Talley,Charlene Charles-Will,Mark Frey,Bryan McCann,Chris Stratton,Mary Small,Debra Rogers,Kenya Wheeler,Marnette Federis,Lisa Beilke,Tom Boss,rosemary retnschler,Chris Willmore,Ryan Kilpatrick,Jim Sullivan,Colin Ellsworth,Ronald Gotong,Vrajesh Bhavsar,Vijay Sampath,Vasu Ganti,Jhensry Yuson,Tamlyn Bright,Victoria Ramos,Robbie Young,Eric Lee,Michael Beetham,Sameer Indarapu,Sara Billing,Kelsy Jorgensen,Steven Samuelsson,eric petersen,Dawn Andres,Victoria Cary,Kevin Holsinger,Yulee Kim,Rosiella Ileto,Emily Montan,Boudewijn Ten Hallers,Matt Paul,James Dudley,Kymba A'Hearn,Emma Wnuk,Rosiella Ileto,Adam Widmer,Joe Bootier,Evan Pyke,John Miki,Justin Trigg,Edwin Foo
Adam Belanoff,Alan Cross,Alex Kurtzman,Allen Dean Foster,Andre Bormanis,Andre Jacquemetton,Andrew Price,Andrew Shepard Price,Anthony Williams,Art Wallace,Arthur Heinemann,Barbara J. Lee,Beth Woods,Bill Dial,Bill Prady,Bill Vallely,Bradley Thompson,Brannon Braga,Brent V. Friedman,Brian Allen Lane,Brian Fuller,Brice R. Parker,Bruce D. Arthurs,Bryan Fuller,Burton Armus,C.J. Holland,Carey Wilber,Carl Guers,Casey Arnold-Ince,Chet Richards,Chris Black,Christian Ford,Christopher Hatton,Christopher Teague,Chuck Menville,Cindy Marcus,Clayvon C. Harris,Curt Michael Bensmiller,Cy Chermax,D. Thomas Maio,D.C. Fontana,Damon Lindelof,Dan Koeppel,Dan O'Shannon,Daniel Keys Moran,Daniel McCarthy,Dario Finelli,Dave Long,David A. Goodman,David Assael,David Bennett Carren,David Bischoff,David Gerrold,David Kemper,David L Goodman,David Landersberg,David Livingston,David Loughery,David Mack,David P. Harmon,David R. George III,David R. Long,David S. Cohen,David Weddle,David Wilcox,David Wise,David Zabel,Deborah Dean Davis,Deborah McIntyre,Dennis Putman Bailey,Diana Dru Botsford,Diane Duane,Dianna Gitto,Don Ingalls,Don M. Mankiewicz,Drew Deighan,Ed Bond,Ed Zuckerman,Edmund Newton,Edward J. Lakso,Eileen Connors,Eric A. Stillwell,Ethan H. Calk,Evan Carlos Somers,Flip Kobler,Frank Abatemarco,Fred Bronson,Fred Dekker,Frederic Brown,Gabe Essoe,Gabrielle Stanton,Gannon Kenney,Garfield Reeves-Stevens,Gary Holland,Gary Perconte,Gean Lisette Aroeste,Gene L. Coon,Gene Roddenberry,Gene Wolande,Geo Cameron,George A. Brozak,George F. Slavin,Gerald Sanford,Gilbert Ralston,Gordon Dawson,Greg Elliot,Gregory Amos,Hannah Louise Shearer,Hans Beimler,Hans Tobeason,Harland Ellison,Harold Apter,Harry Doc. Kloor,Harry Werksman,Harve Bennet,Harve Bennett,Herbert Wright,Hilary J. Bader,Howard Weinstein,Ira Steven Behr,J. Kelley Burke,J. Larry Carrol,J. Michael Bingham,Jack B. Sowards,Jack Monaco,Jack Trevino,Jacqueline Zambrano,Jake Jacobs,James Crocker,James Duff,James E. Brooks,James Kahn,James Schmerer,Jane Espenson,Jaq Greenspan,Jaron Summers,Jean Louise Matthias,Jeanna F. Gallo,Jeanne Carrigan-Fauci,Jeff Schnaufer,Jenifer A. Lee,Jeri Taylor,Jerome Bixby,Jerry Sohl,Jessica Scott,Jill Sherman Donner,Jim Thornton,Jim Trombetta,Jimmy Diggs,Jo Perry,Joe Menosky,John Bruno,John D. F. Black,John J. Ordover,John Kingsbridge,John Logan,John Mason,John Meredyth Lucas,John Shiban,John Whelpley,John Wright,Jon Povill,Jonathan Fernandez,Jonathan Glassner,Joseph Stefano,Joyce Muskat,Joyce Perry,Jud Crucis,Judith Reeves-Stevens,Judy Burns,Juliann deLayne,Kathryn Powers,Keith Mills,Kelley Miles,Ken LaZebnik,Ken Schafer,Kenneth Biller,Kevin J. Ryan,Kurt Michael Bensmiller,L. J. Strom,Lan Okun,Lance Dickson,Larry Brody,Larry Forrester,Larry Nemecek,Larry Niven,Laurence N. Wolfe,Lawrence Konner,Lawrence V. Conley,Lee Cronin,Lee Erwin,Lee Sheldon,Len Janson,Leonard Mlodinow,Leonard Nimoy,Les Menchen,Lisa Klink,Lisa Rich,Louis P. DeSantis,Lynn Barker,Majel Barrett Roddenberry,Manny Coto,Marc Cushman,Marc Daniels,Marc Rosenthal,Marc Scott Zicree,Margaret Armen,Maria Jacquemetton,Mark Gaberman,Mark Gehred-O'Connell,Mark Kalbfeld,Martin A. Winer,Maurice Hurley,Max Ehrlich,Melinda M. Snodgrass,Meyer Dolinsky,Michael A. Medlock,Michael Barren,Michael Bryant,Michael De Luca,Michael Halperin,Michael Jan Friedman,Michael Michaelian,Michael Perricone,Michael Piller,Michael Reaves,Michael Richards,Michael Sussman,Michael Taylor,Michael Wagner,Michel Horvat,Mike Gray,Mike Krohn,Mike Sussman,Mike Wollaeger,Mona Glee,Morgan Gendel,Naren Shankar,Nathan Butler,Neil McCue Crawford,Nick Corea,Nick Sagan,Norman Spinrad,Oliver Crawford,Pam Pietroforte,Pam Wigginton,Pamela Gray,Patrick Barrey,Paul Brown,Paul Reuben,Paul Robert Coyle,Paul Schiffer,Paul Schneider,Peter Allan Fields,Philip A. Scorza,Philip Kim,Phillip LaZebnik,Phyllis Strong,Raf Green,Ralph Phillips,Ralph Sanchez,Ralph Willis,Randee Russell,Rene Echevarria,Richard Danus,Richard Fliegel,Richard Gadas,Richard Krzemien,Richard Manning,Richard Metheson,Rick Berman,Rick Cason,Rick Williams,Rik Vollaerts,Robbin L. Slocum,Robert Bloch,Robert Doherty,Robert Gillan,Robert Hamner,Robert Hewitt Wolfe,Robert J. Bolivar,Robert L. McCullough,Robert Lederman,Robert Lewin,Robert Picardo,Robert Sabaroff,Roberto Orci,Robin Bernhein,Robin Burger,Roger Eschbacher,Roger Soffer,Ron Jarvis,Ron Roman,Ronald D. Moore,Ronald Wilkerson,Russell Bates,S. Bar-David,Sally Caves,Sam Rolfe,Samuel A. Peeples,Sandy Fries,Sara Charno,Scott J. Neal,Scott Miller,Scott Nimerfro,Scott Rubenstein,Shari Goodhartz,Shawn Piller,Sheri Goodhartz,Sherry Klein,Spike Steingasser,Stanley Adams,Stephen Beck,Stephen Kandel,Steve Gerber,Steve Warnek,Steven J. Kay,Steven W. Carabatsos,Stewart Charno,Susan Sackett,T. Michael,Taylor Elmore,Ted Roberts,Terry Devereaux,Terry Matalas,Theodore Sturgeon,Thomas Kartozian,Thomas Perry,Tim Finch,Timothy De Haas,Tom Benko,Tom Szollosi,Toni Marberry,Tracy Torme,Trent Christopher Ganino,Truly Barr Clark,W. Read Morgan,Walter Koenig,Wanda M. Haight,Ward Botsford,William Douglas Lansford,William L. Crawford,William N. Stape,William Shatner,Worley Thorne
Adam Belanoff,Alan Cross,Alex Kurtzman,Allen Dean Foster,Andre Bormanis,Andre Jacquemetton,Andrew Price,Andrew Shepard Price,Anthony Williams,Art Wallace,Arthur Heinemann,Barbara J. Lee,Beth Woods,Bill Dial,Bill Prady,Bill Vallely,Bradley Thompson,Brannon Braga,Brent V. Friedman,Brian Allen Lane,Brian Fuller,Brice R. Parker,Bruce D. Arthurs,Bryan Fuller,Burton Armus,C.J. Holland,Carey Wilber,Carl Guers,Casey Arnold-Ince,Chet Richards,Chris Black,Christian Ford,Christopher Hatton,Christopher Teague,Chuck Menville,Cindy Marcus,Clayvon C. Harris,Curt Michael Bensmiller,Cy Chermax,D. Thomas Maio,D.C. Fontana,Damon Lindelof,Dan Koeppel,Dan O'Shannon,Daniel Keys Moran,Daniel McCarthy,Dario Finelli,Dave Long,David A. Goodman,David Assael,David Bennett Carren,David Bischoff,David Gerrold,David Kemper,David L Goodman,David Landersberg,David Livingston,David Loughery,David Mack,David P. Harmon,David R. George III,David R. Long,David S. Cohen,David Weddle,David Wilcox,David Wise,David Zabel,Deborah Dean Davis,Deborah McIntyre,Dennis Putman Bailey,Diana Dru Botsford,Diane Duane,Dianna Gitto,Don Ingalls,Don M. Mankiewicz,Drew Deighan,Ed Bond,Ed Zuckerman,Edmund Newton,Edward J. Lakso,Eileen Connors,Eric A. Stillwell,Ethan H. Calk,Evan Carlos Somers,Flip Kobler,Frank Abatemarco,Fred Bronson,Fred Dekker,Frederic Brown,Gabe Essoe,Gabrielle Stanton,Gannon Kenney,Garfield Reeves-Stevens,Gary Holland,Gary Perconte,Gean Lisette Aroeste,Gene L. Coon,Gene Roddenberry,Gene Wolande,Geo Cameron,George A. Brozak,George F. Slavin,Gerald Sanford,Gilbert Ralston,Gordon Dawson,Greg Elliot,Gregory Amos,Hannah Louise Shearer,Hans Beimler,Hans Tobeason,Harland Ellison,Harold Apter,Harry Doc. Kloor,Harry Werksman,Harve Bennet,Harve Bennett,Herbert Wright,Hilary J. Bader,Howard Weinstein,Ira Steven Behr,J. Kelley Burke,J. Larry Carrol,J. Michael Bingham,Jack B. Sowards,Jack Monaco,Jack Trevino,Jacqueline Zambrano,Jake Jacobs,James Crocker,James Duff,James E. Brooks,James Kahn,James Schmerer,Jane Espenson,Jaq Greenspan,Jaron Summers,Jean Louise Matthias,Jeanna F. Gallo,Jeanne Carrigan-Fauci,Jeff Schnaufer,Jenifer A. Lee,Jeri Taylor,Jerome Bixby,Jerry Sohl,Jessica Scott,Jill Sherman Donner,Jim Thornton,Jim Trombetta,Jimmy Diggs,Jo Perry,Joe Menosky,John Bruno,John D. F. Black,John J. Ordover,John Kingsbridge,John Logan,John Mason,John Meredyth Lucas,John Shiban,John Whelpley,John Wright,Jon Povill,Jonathan Fernandez,Jonathan Glassner,Joseph Stefano,Joyce Muskat,Joyce Perry,Jud Crucis,Judith Reeves-Stevens,Judy Burns,Juliann deLayne,Kathryn Powers,Keith Mills,Kelley Miles,Ken LaZebnik,Ken Schafer,Kenneth Biller,Kevin J. Ryan,Kurt Michael Bensmiller,L. J. Strom,Lan Okun,Lance Dickson,Larry Brody,Larry Forrester,Larry Nemecek,Larry Niven,Laurence N. Wolfe,Lawrence Konner,Lawrence V. Conley,Lee Cronin,Lee Erwin,Lee Sheldon,Len Janson,Leonard Mlodinow,Leonard Nimoy,Les Menchen,Lisa Klink,Lisa Rich,Louis P. DeSantis,Lynn Barker,Majel Barrett Roddenberry,Manny Coto,Marc Cushman,Marc Daniels,Marc Rosenthal,Marc Scott Zicree,Margaret Armen,Maria Jacquemetton,Mark Gaberman,Mark Gehred-O'Connell,Mark Kalbfeld,Martin A. Winer,Maurice Hurley,Max Ehrlich,Melinda M. Snodgrass,Meyer Dolinsky,Michael A. Medlock,Michael Barren,Michael Bryant,Michael De Luca,Michael Halperin,Michael Jan Friedman,Michael Michaelian,Michael Perricone,Michael Piller,Michael Reaves,Michael Richards,Michael Sussman,Michael Taylor,Michael Wagner,Michel Horvat,Mike Gray,Mike Krohn,Mike Sussman,Mike Wollaeger,Mona Glee,Morgan Gendel,Naren Shankar,Nathan Butler,Neil McCue Crawford,Nick Corea,Nick Sagan,Norman Spinrad,Oliver Crawford,Pam Pietroforte,Pam Wigginton,Pamela Gray,Patrick Barrey,Paul Brown,Paul Reuben,Paul Robert Coyle,Paul Schiffer,Paul Schneider,Peter Allan Fields,Philip A. Scorza,Philip Kim,Phillip LaZebnik,Phyllis Strong,Raf Green,Ralph Phillips,Ralph Sanchez,Ralph Willis,Randee Russell,Rene Echevarria,Richard Danus,Richard Fliegel,Richard Gadas,Richard Krzemien,Richard Manning,Richard Metheson,Rick Berman,Rick Cason,Rick Williams,Rik Vollaerts,Robbin L. Slocum,Robert Bloch,Robert Doherty,Robert Gillan,Robert Hamner,Robert Hewitt Wolfe,Robert J. Bolivar,Robert L. McCullough,Robert Lederman,Robert Lewin,Robert Picardo,Robert Sabaroff,Roberto Orci,Robin Bernhein,Robin Burger,Roger Eschbacher,Roger Soffer,Ron Jarvis,Ron Roman,Ronald D. Moore,Ronald Wilkerson,Russell Bates,S. Bar-David,Sally Caves,Sam Rolfe,Samuel A. Peeples,Sandy Fries,Sara Charno,Scott J. Neal,Scott Miller,Scott Nimerfro,Scott Rubenstein,Shari Goodhartz,Shawn Piller,Sheri Goodhartz,Sherry Klein,Spike Steingasser,Stanley Adams,Stephen Beck,Stephen Kandel,Steve Gerber,Steve Warnek,Steven J. Kay,Steven W. Carabatsos,Stewart Charno,Susan Sackett,T. Michael,Taylor Elmore,Ted Roberts,Terry Devereaux,Terry Matalas,Theodore Sturgeon,Thomas Kartozian,Thomas Perry,Tim Finch,Timothy De Haas,Tom Benko,Tom Szollosi,Toni Marberry,Tracy Torme,Trent Christopher Ganino,Truly Barr Clark,W. Read Morgan,Walter Koenig,Wanda M. Haight,Ward Botsford,William Douglas Lansford,William L. Crawford,William N. Stape,William Shatner,Worley Thorne
07-Ghost,3 x 3 Eyes,5 Centimeters per Second,Ace of the Diamond,Adventures of Horus: Prince of the Sun,Ah! My Goddess,Ah! My Goddess: Flights of Fancy,Ah! My Goddess: The Movie,Ah! My Goddess TV,Air,Air Gear,Ai Yori Aoshi,Aka-chan to Boku,Akagami no Shirayukihime,Akame ga Kill!,Akane Maniax,Akira,Aldnoah Zero,Aldnoah Zero (2015),A Letter to Momo,All Purpose Cultural Cat Girl Nuku Nuku,Amagami SS,Amagi Brilliant Park,Amnesia,Android Kikaider,Angel Beats!,Angelic Layer,Angelique OVA 4,Angelique - Shiroi Tsubasa no Memoire,Angel Sanctuary,Angel Tales 2,Animation Runner Kuromi,Animation Runner Kuromi 2,Animatrix,Ano Hi Mita Hana no Namae o Boku-tachi wa Mada Shiranai.,Ano Hi Mita Hana no Namae o Boku-tachi wa Mada Shiranai. Movie,Ano Natsu de Matteru,Aoharu x Kikanjuu,Appleseed,Appleseed: Ex Machina,Appleseed Movie,Aquarion Evol,Area 88 TV,Area no Kishi,Arslan Senki,Arve Rezzle: Kikaijikake no Yousei-tachi,Asatte no Houkou,Attack on Titan,Attack on Titan Movie 1: Guren no Yumiya,Attack on Titan Movie 2: Jiyuu no Tsubasa
Marc Aure,Rand Hill,Doug Williams,larry farhner,Doug Williams,Vinny the Wrench,Scott Brittle,Kim Hoang,Brian Blum,Chad Conway,Edric Kwan,Jeremy Casey,Daniel Lumbreras,Arun Goel,Richard Guzman,Dominique Goupil,Tim Geistlinger,Garland Lee,Ian Bennett,grif rosser,Jorg Heinemann,Ricardo Loa,James Eales,Greg Dolder,Mengtao Yuan,Brian Vaughan,Vivian Tseng,James Eales,Tim Beyers,Mark Swigert,Matthew Griffiths,Sean Clancy,David Arkin,Jeremy Nguyen,John Salas,Peter Xue,Jonathan Botkin,Jon Chin,Brendan Ryan,Dennis Cathey,spiro sarris,Kim Pedley,Chris Liou,Tristan Schaap,Janis Luft,Ken Shew,Jim Wheeler,Doug Hall,Leslie Graves,Larry Arnett
Tim Wong,Yoshiro Nakajima,Jeremy Ware,Ada Wong,Phil Flanner,Sean Melchionda,Mary Small,Mike Wong,Philip Harvey,Sean Clancy,Kent Carey,Jeremy Ware,Ken Finn,Christine Culver,Mark Covington,Boaz Ben-Zvi,Daniel Sullivan,Daniel Sullivan,Ken Finn,Daniel Sullivan,Robert Schuur,Ben Dang,Jeff Simns,Matthew Hough,Tuan Nguyen,Amy Latourette,Mike Conroy,joyce tanaka,Patrick Kenny,Brian Hachtmann,Darshan Thaker,Jamie Alessio,John Dang,Derrick Rebello,Daniel Steffen,Sunny Williams,Dianne Lamendola,Ken Finn,Don Langley,Paul Hewes,Arik Florimonte,Stephanie Cheng,Matthew Winfield,Aruna Sangli,Daniel Sullivan,Frank Viggiano,Chris Liou,Chris Orr,Anthony-Hung Tran,John Walker
Charley’s Other Brother,George Street Co-op,Takoma Park Silver Spring Co-op,French Broad Food Co-op,Hanover Consumer Cooperative Society: Park Street,Community Co-op - New York,Lost River Market & Deli,Countryside Co-op,Citizens Co-op,Adamant Co-op,Carbondale Community Food Co-op,East End Food Co-op - Vancouver,Market Street Co-op,Bethesda Co-op,San Juan Island Food Co-op,EveryBody's Market,Long Beach Grocery C0-op,Crow Wing Food Cooperative,Brookings Natural Foods Co-op,Fredericton Direct Charge Co-op,Pomme De Terre Food Co-op,Twin Pines Co-op,Grass Roots Cooperative,Oceana Natural Foods Co-op,The Mustard Seed,Magpie Natural Food Co-op & Buying Club,Selene Whole Foods Co-op,Mixed Nuts,Other Avenues Food Store,South Royalton Market,Hornby Island Co-op,Natural Food Co-op,Good Food Store,Valley Market,Missoula Community Co-op,Mohawk Harvest Cooperative,The Food Co-op,Plum Creek Food Co-op,Urban Acres Market,Topeka Natural Food Co-op,La Grande Ruche,Mountain Community Co-op,Regent Market Co-op,Chatham Real Food Market,Suncoast Co-op,Soo Cooperative IGA,Natural Alternative,Prairie Roots Food Co-op,SUNY Binghamtom Food Co-op,Kent Natural Foods Co-op,Winter Co-op,The Minnesota Street Market,4th Street Food Co-op,Pocatello Co-op,Ebytown Food Co-op,Breadroot Cooperative,Kresge Food Co-op,Mountain Community Co-op,Oak Center General Store,Viola Food Co-op,The London Co-op Store,Rutland Area Food Co-op,Grygla Co-op Company,Hillsdale Family Food Co-op,Food Co-op Friends and Scholars,Sunseed Food Co-op,Karma Food Co-operative,New Cooperative,Plainfield Co-op,Co-op Markets: Whole Health,City Food Co-op,14 Carrots Natural Foods Cooperative,Beautiful Leaf Food Co-op,Eats Natural Foods Co-op,cooperative d'alentour,East Warren Community Market,Northwind Natural Foods Co-op,Rainbow Grocery Cooperative,Baker Valley Food Co-op,Village Store Co-op,Rudyard Grocery Co-op,NuWaters Co-op,Grower's Market,High Falls Food Co-op,Peninsula Co-op,Sunsets West Co-op,Stevens Point Co-op,Nelson & Albin Co-op Grocery,Pine River Food Co-op,Glut Food Co-op
Chris Liou,Frank Viggiano,Scott Morrison,Bradley Sugarman,Doug Linney,Joe DiStefano,John Walker,Manuel Garcia,Iain Russell,Bob Kamenski,Wayne Rudolf,Loren Vorreiter,John Brown,Paul Hewes,John Walker,Rick Kindelberger,Jenny Shu,Brian Blum,Thomas Fanghaenel,mark bailey,Derek Carr,John Walker,Frank Viggiano,Chris Liou,Chris Orr,Anthony-Hung Tran,Cindi Staiger,Daniel Sullivan,Matthew Winfield,Aruna Sangli,Stephanie Cheng,Arik Florimonte,Don Langley,Ken Finn,Paul Hewes,Sunny Williams,Dianne Lamendola,Daniel Steffen,Derrick Rebello,Brian Hachtmann,Darshan Thaker,Jamie Alessio,John Dang,Patrick Kenny,joyce tanaka,Mike Conroy,Amy Latourette,Tuan Nguyen,Jeff Simns,Matthew Hough
Tim Walters,Tim Wesig,Tim Wong,Timmy Bolton,Timothy Papandreou,Timothy Wood,Tina Gunnarsson,tina tang,Tina Yonas,TJ Brumme,Toben Green,Tobias Christensen,Toby Sanderson,Tod O'Dwyer,Todd Catalini,Todd Bowman,Todd Jones,Todd Malsbary,Todd Schram,Todd Tuescher,Todd Wright,Tom Gandesbery,Tom Annau,Tom Bahning,Tom Birch,Tom Boardman,Tom Connelly,Tom Fosgard,Tom Fraser,Tom Fritz,Tom Janci,Tom Mardirosian,Tom OBrien,Tom Robinson,tom savarino,tom sayer,tom truong,Tom Work,Tomasz Barszczak,Tommy Pham,Tomoko Komada,Tony Pinkham,tony godkin,Tony Henderson,Tony Leung,Tony Madrigal,Tony Salomone,Torsten Kaack,Torsten Rohlfing,Traci Van Sant
Varsity Theatre,Cannery Ballroom,Cannery Ballroom,The Social,The Venue,The Venue,Freebird Live,Freebird Live,Revolution Live,Revolution Live,Music Farm,The Orange Peel,The Orange Peel,The Tabernacle,Jefferson Theater,Lifestyle Communities Pavilion,Madison Theater,Orpheum Theatre,Canopy Club,House of Blues - Houston,House of Blues Dallas,Cain's Ballroom,The Wilma Theatre,The Wilma Theatre,The Showbox,McDonald Theatre,The Catalyst,Harlows Night Club,Montbleu Resort,Mystic Theatre,The Fillmore,The Fillmore,Telluride Town Park,Sheridan Opera House,Sheridan Opera House,Telluride Town Park,Simon Estes Riverfront Amphitheater,Slowdown,Red Rocks Amphitheatre,The Norva,The Fillmore Silver Spring,Theatre of Living Arts,State Theatre,Upstate Concert Hall,Best Buy Theater,Stage AE,House Of Blues Cleveland,The Vogue,House of Blues,Bourbon Theatre,Boulder Theater,Boulder Theater,Boulder Theater,Boulder Theater,Boulder Theater
Forum Melbourne,Cirkus,Sentrum Scene,US Airways Center,Belly Up Tavern,House of Blues Anaheim,Emo's Austin,Toyota Center,American Airlines Center,Amway Center,BB&T Center,Amalie Arena,Philips Arena,Bridgestone Arena,The Vogue,The Palace of Auburn Hills,Schottenstein Center,KFC Yum! Center,United Center,House Of Blues Cleveland,Air Canada Centre,Bell Centre,Verizon Center,Madison Square Garden,Izod Center,Irving Plaza,Nassau Coliseum,Mohegan Sun Arena,TD Garden,Parque O'Higgins,Donington Park,Eichenring,Worthy Farm,Auditorium Stravinski,Parc de Valmy,Le Bikini,Kobetamendi Park,Air Canada Centre,Phoenix Concert Theatre,Air Canada Centre,Lupo's Heartbreak Hotel,TD Garden,Wells Fargo Center,Beacon Theatre,Barclays Center,Barclays Center,9:30 Club,Prudential Center,Legacy Arena at the BJCC,Philips Arena,The Fillmore
Scott Norton,Craig Nidiffer,Brad Angelo,Chris Loschetter,Mika Koivuniemi,Mohamed Sultan,Chris Barnes,Mike Scroggins,Jeff Frankos,David Haynes,David Beres,Craig LeMond,Mike Wolfe,Ronnie Russell,Jason Belmonte,Mike DeVaney,Matt Meyer,Danny Wiseman,Dave Wodka,Peter Hellstrom,Bryon Smith,Yousif Falah,Johan Hellden,Joe Ciccone,Jack Jurek,Travis Anderson,Stuart Williams,Mikael Kanold,Kevin Brophy,John Szczerbinski,Parker Bohn III,Pete Weber,Amleto Monacelli,Brandon Novak,Matt Ramshaw,Steven Arehart,Michael Machuga,Mike Edwards,Scott Halvarson,Dennis Eklund,Kyle Troup,Randy Weiss,John Furey,Brian Himmler,Kim Ojala,Ryan Ciminelli,Magnus Johnson Jr.,Patrick Bohm,Jeff Evans,Kevin Morillo,Jon VanHees,Erik Andersin,Thomas Biniek Jr.,Justin Bychkowski,Hernan Ramirez,Ildemaro Ruiz,Lonnie Waliczek,Kyle Martinez,Alejandro Reyna,Lennie Boresch Jr.,John Cicero,Mike Bailey,Brian Kretzer,Missy Parkin,Brett Cunningham,Kyle Bigelow,Patrick King,Norm Duke,Brian Valenta,Matt Taylor,Craig Auerbach,Michael Haugen Jr.,Brett Spangler,Kevin Croucher,Mattias Olsson,Wes Newman,Evan Nash,Eduardo Yzcaray Jr.,Joe Paluszek,MahdI Assad,Robert McBride,Helen Johnsson,Kim Bolleby,Shawn Lee,Glenn Morgan,Erik Gulbrandson,Brett Cooper,Adam Monks,Carlos Cottone,Chris Hans,Jacob Heger,Andrew Graff,Kris Koeltzow,Tyler Jensen,Jeff Roche,Hameed Taqi,Chris DosSantos,Darren Andretta,Ahmed Saad Alhadyan,Greg Knolton,Mohammed AlSaud,Dustin Ochoa,Ted Sidehamer Jr.,Ernest Lukacs Jr.,Allen Blansette,Rob Gotterbarn Jr.,Masood Saberi,Fawaz Abdulla,Mohamed Al Jahrami,Doug Scheidig,Giorgio Clinaz Jr.,Richard Rezendes,Paul Nilsen Sr.,Glen Nakagawa,Tim Arnold,Tommy Martin,Adam James,Hakim AlSaud,Chris Ashworth,Mickey Fry
Berlin,Oberhausen,Stuttgart,Zwolle,Antwerpen,Paris,London,London,London,Wolverhampton,Manchester,Manchester,Glasgow,Glasgow,Wolverhampton,Dublin,Odense V,Holstebro,Doncaster,Montrose,Malpas,Derby,Clisson,Scarborough,Llangollen,Esher,Nuremberg,Pula,Schaffhausen,Worksop,Zurich,London,Dresden,Kiel,Magdeburg,Schwerin,Erfurt,Saarbrucken,Augsberg,Mannheim,Freiburg,Kerkrade,Liverpool,Glasgow,Newcastle Upon Tyne,Leeds,Nottingham,Birmingham,Plymouth,Cardiff,Bournemouth,London,Brighton
"""?""","""Fighting Mac""",(the Sunshine Seeks My Little Room),A Bachelor,A Busy Man,A Cabbage Patch,A Casualty,A Character,A Domestic Tragedy,A Grain Of Sand,A Hero,A Lyric Day,A Mediocre Man,A Rolling Stone,A Song For Kilts,A Song Of Sixty-Five,A Song Of Suicide,A Song Of The Sandbags,A Sourdough Story,A Year Ago,Adventure,Afternoon Tea,Agnostic Apology,Allouette,Alpine Holiday,Anti-Profanity,At The Golden Pig,At Thirty-Five,Balloon,Bank Robber,Barb-Wire Bill,Bessie's Boil,Birthday,Book Lover,Boxer's Wife,Brother Jim,Carry On,Child Lover,Courage,Death Of A Cockroach,Dolls,Each Day A Life,Fortitude,Freedom's Fool,"Good-Bye, Little Cabin",Home And Love,Kittens,Laziness,Lost Kitten,Lottery Ticket,Milking Time,Murderers,Music In The Bush,My Bay'Nit,My Boss,My Brothers,My Cross,My Dentist,My House,My Masterpiece,My Suicide,Nature's Way,Old Codger,On The Wire,Perfection,Post Office Romance,Secretary,The Ballad Of Blasphemous Bill,The Ballad Of How Macpherson Held The Floor,The Ballad Of The Ice-Worm Cocktail,The Bulls,The Call Of The Wild,The Choice,The Contrast,The Cow-Juice Cure,The Cremation Of Sam Mcgee,The End Of The Trail,The Faceless Man,The Fool,The Goat And I,The Haggis Of Private Mcphee,The Hat,The Heart Of The Sourdough,The Joy Of Being Poor,The Law Of The Yukon,The Lottery,The March Of The Dead,The Men That Don'T Fit In,The Old Armchair,The Outlaw,The Quitter,The Receptionist,The Reckoning,The Sceptic,The Shooting Of Dan Mcgrew,The Summing Up,The Whistle Of Sandy Mcgraw,The Wonderer,The World's All Right,Tick-Tock,Toilet Seats,Tourist,Tourists,Treat 'Em Rough,Tri-Colour,Trixie,Two Blind Men,Victory Stuff,Violet De Vere,Wallflower,Winding Wool,You And Me,Young Fellow My Lad,Young Mother,Total,Average
Fulltime Art Director (Ann Arbor) Creative Circle,"Senior Associate, Staff Writer, Stateline The Pew Charitable Trusts",Social Media Manager Broadway.com,Assistant/Associate Editor Adventure Publishing,Marketing Copywriter NIC,Digital Coordinator Plastics News,Online Product Manager U.S. News & World Report,Assistant Managing Editor ALM - National Law Journal,Web Content Manger Baltimore-Washington Conference,Assistant Literary Agency,Sales Inventory & Sales Promotion Associate The New Press,Senior Account Manager ThomasARTS,Creative Marketing Wizard Noble Desktop,Metro Editor The Hartford Courant,Sales & Research Assistant New York Nonprofit Media,Experienced Newscast Producer/ Media Producer WAVY-TV 10/WVBT FOX 43,Client Services Director/ Sales Strategist Music Beast,Communications Specialist Weatherhead Center for International Affairs,Staff Writer - Creative Loafing Atlanta Creative Loafing Atlanta,"Freelance, Comedy Central Program Strategy Comedy Central",Marketing Director Council for Economic Education,Children's Book Graphic Designer Readerlink Distribution Services,Custom Media Marketing Associate Washingtonian Media Inc.,Account Executive - French Speaking Boutique Travel PR Agency,"Development Editor, RedNova Learning RedNova Learning",Social Media Manager Quiet Revolution,"Program Manager, Digital Campaigns Atlantic Media",Advertising Operations Associate Prometheus Global Media,PR Manager 3D Hubs,"Manager, Interactive Experiences, E! NBCUniversal",NBC.com Overnight Video Operations Producer - Late Night Shows NBCUniversal,Account Coordinator Goldin Solutions,Sales Account Executive Southern California Life Magazine,Sales Account Executive Factual,Technical Account Manager Factual,"Senior Editor, International U.S. News & World Report","Data Reporter, International U.S. News & World Report",Graphic Designer Hogarth Worldwide,Neighborhood Reporters DNAinfo,Freelance Producer Caucus Educational Corporation,International Sales Coordinator Storey Publishing,Assistant to Business Manager Local Brooklyn Newspaper,Senior Public Relations Account Manager Godfrey,Associate Acquiring Editor Quarto Publishing Group USA,Life and Money Writer BuzzFeed,"Senior Manager, Marketing Partnerships New York Times",Account Manager Factual,News Writer Opposing Views Inc.,"Sales Planner, Chicago New York Times","ITS Communications Coordinator Cal Poly, San Luis Obispo"
Accel World,Ah! My Goddess TV,Air,Akira,Animatrix,Appleseed Movie,Aria the Animation,Azumanga Daioh,Bakemonogatari,Basilisk,Berserk,Black Blood Brothers,Black Cat,Black Lagoon,Black Lagoon: The Second Barrage,Blast of Tempest,Bleach,Blood+,Blood The Last Vampire,Blue Gender,Busou Renkin,Chobits,Chrono Crusade,City Hunter,Claymore,Cowboy Bebop,Cowboy Bebop: The Movie,Death Note,Desert Punk,Dragon Ball Z,Ebichu,El Cazador de la Bruja,Elfen Lied,Ergo Proxy,Escaflowne,Excel Saga,Fate/stay night,FLCL,Fruits Basket,Fullmetal Alchemist,Fullmetal Alchemist The Movie: Conqueror of Shamballa,Full Metal Panic!,Full Metal Panic? Fumoffu,Full Metal Panic! The Second Raid,Futari Ecchi,GANTZ,Gatekeepers,Genshiken,Genshiken 2,Genshiken OVA
"""Faith"" Is A Fine Invention","""Heaven"" Has Different Signs&Mdash;To Me","""Heaven""—Is What I Cannot Reach!","""Houses""&Mdash;So The Wise Men Tell Me","""I Want""&Mdash;It Pleaded&Mdash;All Its Life","""Nature"" Is What We See","""Unto Me?"" I Do Not Know You","""Why Do I Love"" You, Sir?",A Bird Came Down,A Book,A Burdock&Mdash;Clawed My Gown,A Charm Invests A Face,A Clock Stopped -- Not The Mantel's,A Cloud Withdrew From The Sky,A Coffin—is A Small Domain,A Darting Fear&Mdash;A Pomp&Mdash;A Tear,A Day! Help! Help! Another Day!,A Death Blow Is A Life Blow To Some,A Door Just Opened On A Street,A Doubt If It Be Us,A Drop Fell On The Apple Tree,A Dying Tiger&Mdash;Moaned For Drink,A Feather From The Whippoorwill,A First Mute Coming,"A Fuzzy Fellow, Without Feet",A Happy Lip&Mdash;Breaks Sudden,A House Upon The Height,A Lady Red&Mdash;Amid The Hill,A Light Exists In Spring,A Little Bread&Mdash;A Crust&Mdash;A Crumb,A Little East Of Jordan,A Little Road Not Made Man,"A Long, Long Sleep, A Famous Sleep",A Loss Of Something Ever Felt I,A Man May Make A Remark,A Mien To Move A Queen,A Moth The Hue Of This,A Murmur In The Trees&Mdash;To Note,A Narrow Fellow In The Grass,A Nearness To Tremendousness,A Night&Mdash;There Lay The Days Between,A Planted Life&Mdash;Diversified,A Poor&Mdash;Torn Heart&Mdash;A Tattered Heart,A Precious—mouldering Pleasure,A Prison Gets To Be A Friend,A Route Of Evanescence,A Science&Mdash;So The Savants Say,A Secret Told,"A Sepal, Petal, And A Thorn",A Shade Upon The Mind There Passes,A Shady Friend For Torrid Days,A Single Screw Of Flesh,A Slash Of Blue,A Solemn Thing Within The Soul,A Solemn Thing&Mdash;It Was&Mdash;I Said,A Something In A Summer's Day,A South Wind&Mdash;Has A Pathos,A Still—volcano—life,A Thought Went Up My Mind To-Day,A Throe Upon The Features,A Toad Can Die Of Light!,A Tongue—to Tell Him I Am True!,A Tooth Upon Our Peace,A Transport One Cannot Contain,A Visitor In Marl,A Weight With Needles On The Pounds,A Wife&Mdash;At Daybreak I Shall Be,A Wounded Deer&Mdash;Leaps Highest,Abraham To Kill Him,Absence Disembodies—so Does Death,Absent Place&Mdash;An April Day,Adrift! A Little Boat Adrift!,Afraid! Of Whom Am I Afraid?,After A Hundred Years,"After Great Pain, A Formal Feeling Comes","After Great Pain, A Formal Feeling Comes -- (341)",Again&Mdash;His Voice Is At The Door,"Ah, Moon—and Star!","Ah, Teneriffe!","All But Death, Can Be Adjusted",All Circumstances Are The Frame,All Forgot For Recollecting,"All I May, If Small",All Overgrown By Cunning Moss,All The Letters I Can Write,All These My Banners Be,"Alone, I Cannot Be",Alter! When The Hills Do,Although I Put Away His Life,Always Mine!,Ambition Cannot Find Him,Ample Make This Bed.,An Altered Look About The Hills,An Awful Tempest Mashed The Air,An English Breeze,An Everywhere Of Silver,An Hour Is A Sea,An Ignorance A Sunset,And This Of All My Hopes,"Angels, In The Early Morning",Answer July,Apology For Her,Apparently With No Surprise,Arcturus,'Arcturus' Is His Other Name,Artists Wrestled Here!,As By The Dead We Love To Sit,"As Children Bid The Guest ""Good Night""",As Everywhere Of Silver,"As Far From Pity, As Complaint",As Frost Is Best Conceived,As If I Asked A Common Alms,As If Some Little Arctic Flower,As If The Sea Should Part,As Imperceptibly As Grief,As One Does Sickness Over,As Plan For Noon And Plan For Night,As Sleigh Bells Seem In Summer,As The Starved Maelstrom Laps The Navies,As Watchers Hang Upon The East,"At Last, To Be Identified!",At Least—to Pray—is Left—is Left,Autumn&Mdash;Overlooked My Knitting,"Awake Ye Muses Nine, Sing Me A Strain Divine",Away From Home Are Some And I—,Baffled For Just A Day Or Two,Banish Air From Air&Mdash;,Be Mine The Doom&Mdash;,Beauty&Mdash;Be Not Caused&Mdash;It Is,Because I Could Not Stop For Death (712),Because The Bee May Blameless Hum,Beclouded,Bee! I'M Expecting You!,Before He Comes We Weigh The Time!,Before I Got My Eye Put Out,Before The Ice Is In The Pools,"Before You Thought Of Spring,",Behind Me Dips Eternity,"Bereaved Of All, I Went Abroad",Bereavement In Their Death To Feel,Besides The Autumn Poets Sing,Besides This May,Best Gains—must Have The Losses' Test,Best Things Dwell Out Of Sight,Better—than Music! For I—who Heard It,Between My Country—and The Others,Bird,Blazing In Gold And Quenching In Purple,"Bless God, He Went As Soldiers",Bloom Upon The Mountain—stated,Bound&Mdash;A Trouble,Bring Me The Sunset In A Cup,But Little Carmine Hath Her Face,By A Flower—by A Letter,By Chivalries As Tiny,By My Window Have I For Scenery,By Such And Such An Offering,By The Sea,Chartless,Civilization&Mdash;Spurns&Mdash;The Leopard!,Cocoon Above! Cocoon Below!,Color—caste—denomination,Come Slowly,Come Slowly—eden!,Conjecturing A Climate,Conscious Am I In My Chamber,Could I But Ride Indefinite,Could I—then—shut The Door,Could Live—did Live,Could—i Do More—for Thee,Crisis Is A Hair,Crumbling Is Not An Instant's Act,Dare You See A Soul At The White Heat?,Death Is A Dialogue Between,Death Is Potential To That Man,"Death Leaves Us Homesick, Who Behind",Death Sets A Thing Of Signigicant,Defrauded I A Butterfly,Delayed Till She Had Ceased To Know,Delight Becomes Pictorial,Delight Is As The Flight,Denial&Mdash;Is The Only Fact,"Departed To The Judgment,",Despair's Advantage Is Achieved,Did Our Best Moment Last,Did The Harebell Loose Her Girdle,Did We Disobey Him?,Don'T Put Up My Thread And Needle,Dreams&Mdash;Are Well&Mdash;But Waking's Better,Dust Is The Only Secret,Dying (I Heard A Fly Buzz When I Died),"Empty My Heart, Of Thee",Except The Heaven Had Come So Near,Exclusion (The Soul Selects Her Own Society),Exhilaration—is Within,Experience Is The Angled Road,Exultation Is The Going,Faith,Faith—is The Pierless Bridge,Fame Is A Bee,First Robin,Flowers—well—if Anybody,For Each Ecstatic Instant,For Every Bird A Nest,Forever At His Side To Walk,Forever—it Composed Of Nows,Further In Summer Than The Birds,Going To Heaven!,Going To Him! Happy Letter! Tell Him--,Good Morning—midnight,Gratitude—is Not The Mention,He Fumbles At Your Soul,He Fumbles At Your Spirit,He Strained My Faith,He Told A Homely Tale,"He Was Weak, And I Was Strong—then",Heart! We Will Forget Him!,Her Breast Is Fit For Pearls,Her Grace Is All She Has&Mdash;,Home,Hope Is The Thing With Feathers,Hope' Is The Thing With Feathers,How Happy Is The Little Stone,How Many Times These Low Feet Staggered,How The Old Mountains Drip With Sunset,I Am Ashamed—i Hide,I Bring An Unaccustomed Wine,I Came To Buy A Smile—today,I Cannot Buy It—'Tis Not Sold,I Cannot Dance Upon My Toes,"I Cautious, Scanned My Little Life",I Could Bring You Jewels—had I A Mind To,I Died For Beauty,I Dwell In Possibility,I Fear A Man Of Frugal Speech,"I Felt A Funeral, In My Brain (280)",I Felt My Life With Both My Hands,"I Had No Time To Hate, Because",I Heard A Fly Buzz When I Died;,I Know Some Lonely Houses Off The Road,I Like A Look Of Agony,"I Like To See It Lap The Miles,",I Lived On Dread; To Those Who Know,I Lost A World - The Other Day!,I Many Times Thought Peace Had Come,I Meant To Find Her When I Came,I Meant To Have But Modest Needs,I Measure Every Grief I Meet (561),I Met A King This Afternoon!,I Never Hear The Word 'Escape',I Never Lost As Much But Twice,I Never Saw A Moor,"I Prayed, At First, A Little Girl",I Robbed The Woods,I Rose—because He Sank,I Saw No Way—the Heavens Were Stitched,I Send Two Sunsets,"I Should Have Been Too Glad, I See",I Stepped From Plank To Plank,I Think I Was Enchanted,I Took My Power In My Hand,"I Went To Heaven,--","I Years Had Been From Home,",I’ll Tell You How The Sun Rose,If Anybody's Friend Be Dead,If He Were Living—dare I Ask,"If I Can Stop One Heart From Breaking,",If I Could Bribe Them By A Rose,"If I May Have It, When It's Dead",If I Should Cease To Bring A Rose,If I Should Die,If I Shouldn'T Be Alive,If Recollecting Were Forgetting,"If You Were Coming In The Fall,",I'Ll Send The Feather From My Hat!,I'M,"I'M ""Wife""&Mdash;I'Ve Finished That",I'M Ceded—i'Ve Stopped Being Theirs,I'M Nobody! Who Are You?,In Falling Timbers Buried,In Winter In My Room,"It Was Not Death, For I Stood Up,",It's All I Have To Bring Today,It's Such A Little Thing To Weep,"I'Ve Nothing Else—to Bring, You Know",I'Ve Seen A Dying Eye,Joy To Have Merited The Pain,"Just Lost, When I Was Saved!",Knows How To Forget!,Let Us Play Yesterday,Love&Mdash;Is Anterior To Life,Mama Never Forgets Her Birds,Me From Myself—to Banish,More Life—went Out—when He Went,'Morning' Means 'Milking' To The Farmer,Much Madness Is Divinest Sense,My Friend Must Be A Bird,My Portion Is Defeat—today,My River Runs To Thee,Nature And God—i Neither Knew,Nature Is What We See—,Nature The Gentlest Mother Is,"Nature, The Gentlest Mother,",Nature—sometimes Sears A Sapling,Never For Society,New Feet Within My Garden Go,No Bobolink—reverse His Singing,No Man Can Compass A Despair,No Prisoner Be,No Romance Sold Unto,Nobody Knows This Little Rose,None Can Experience Sting,Of Course—i Prayed,Of Nearness To Her Sundered Things,"On Such A Night, Or Such A Night","One Need Not Be A Chamber To Be Haunted,",One Sister Have I In Our House,One Year Ago—jots What?,Patience—has A Quiet Outer,Peace Is A Fiction Of Our Faith,Poor Little Heart!,Portraits Are To Daily Faces,Remorse - Is Memory - Awake -,"Safe In Their Alabaster Chambers,",She Dealt Her Pretty Words Like Blades,She Lay As If At Play,She Rose To His Requirement,She Slept Beneath A Tree,She Staked Her Feathers—gained An Arc,Sic Transit Gloria Mundi,Snow Beneath Whose Chilly Softness,Some Keep The Sabbath Going To Church,Some Things That Fly There Be,"Some, Too Fragile For Winter Winds",Split The Lark&Mdash;And You'Ll Find The Music,"Struck, Was I, Not Yet By Lightning",Success Is Counted Sweetest,Sweet Mountains—ye Tell Me No Lie,Tell All The Truth,That I Did Always Love,The Angle Of A Landscape,The Birds Reported From The South,The Brain Within It's Groove,The Brain—is Wider Than The Sky,The Bustle In A House,The Chariot,The Color Of The Grave Is Green,"The Cricket Sang,",The Daisy Follows Soft The Sun,The Himmaleh Was Known To Stoop,The Lamp Burns Sure—within,The Last Night That She Lived,The Loneliness One Dare Not Sound,The Months Have Ends—the Years—a Knot,The Moon Was But A Chin Of Gold,The Morns Are Meeker Than They Were,The Mountains—grow Unnoticed,The Murmur Of A Bee,The Pedigree Of Honey,The Railway Train,The Rainbow Never Tells Me,The Robin Is The One,"The Show Is Not The Show,",The Skies Can'T Keep Their Secret!,"The Sky Is Low, The Clouds Are Mean,",The Soul Selects Her Own Society,The Soul That Hath A Guest,The Soul Unto Itself (683),The Spider Holds A Silver Ball,The Thought Beneath So Slight A Film,The Way I Read A Letter's—this,The Winters Are So Short,The Woodpecker,There Is A Pain—so Utter,There Is A Word,There Is Another Sky,There Is No Frigate Like A Book,There's A Certain Slant Of Light (258),They Ask But Our Delight,They Dropped Like Flakes,They Shut Me Up In Prose,"This Is My Letter To The World,","This Is The Land The Sunset Washes,",This Quiet Dust Was Gentlemen And Ladies,This World Is Not Conclusion,Through Lane It Lay—through Bramble,'Tis Customary As We Part,'Tis Little I—could Care For Pearls,'Tis Not That Dying Hurts Us So,To Die,To Fill A Gap,To Hear An Oriole Sing,To Make A Prairie (1755),To Make One's Toilette&Mdash;After Death,To My Small Hearth His Fire Came,To Own The Art Within The Soul,Trust In The Unexpected,"'Twas Just This Time, Last Year, I Died","'Twas Like A Maelstrom, With A Notch",Twas Such A Little—little Boat,Twice Had Summer Her Fair Verdure,Two Butterflies Went Out At Noon,Unable Are The Loved To Die,Unto My Books—so Good To Turn,Victory Comes Late,"Water, Is Taught By Thirst",We Can But Follow To The Sun,We Dream—it Is Good We Are Dreaming,We Grow Accustomed To The Dark,We Learned The Whole Of Love,Went Up A Year This Evening!,"What Care The Dead, For Chanticleer",What Would I Give To See His Face?,When Night Is Almost Done,When The Astronomer Stops Seeking,"Where I Have Lost, I Softer Tread",Where Ships Of Purple—gently Toss,Where Thou Art—that—is Home,While Asters&Mdash;,"Who Giants Know, With Lesser Men","Who Never Lost, Are Unprepared",Who Occupies This House?,Whose Cheek Is This?,"Why Do I Love You, Sir?",Why Make It Doubt—it Hurts It So,Why&Mdash;Do They Shut Me Out Of Heaven?,Wild Nights! Wild Nights!,Wild Nights&Mdash;Wild Nights!,"Will There Really Be A ""Morning""?","Within My Garden, Rides A Bird",You Cannot Put A Fire Out,Your Riches—taught Me—poverty,You'Re Right—,Total,Average
DAN STIDHAM,DERON PREWITT JR,BUD ROSSI,BRADEN BOLLMER,RONNIE CUNNIGEN JR,RYAN BUTLER,TAMMY LOVITT,TED CLEMENTS,SCOTTY LOVELL,RODNEY JOHNSON,CHRIS GAUSLIN,BRAD MCCLURE,JAMIE GREEN,CURT ROUSE,GARY RICE,DREW MALLORY,SCOTT ELLIS,KEN LITSCHGI,BRIAN LEWIS,CHARLEY DENNY,DON SCHNITZLER,DOUG DEERWESTER,WAYNE BEVINS,DAN PADDACK,PETE MILLER,BRAD JOHANNES,BEN RAWE,TIM RUDISELL JR,MARK ANTHONY,RANDY BURWELL,RICK FELTS,GARY GASNIK,JIM WIEBELL,CHRIS FERRY,WES MARCUM,GREG MONNIG,CURT MCCLURE,JACK SPIVEY,JASON FORD,JACK DETZEL,BRIAN MCLAUGHLIN,RON HART,JAKE PREWITT,BARRY CHAPMAN,RONNIE DOZIER,SCOTT SCHADEL,CHUCK CUMMINS,JULIE MMCKEE LEIGH,ROB NIXON,JEREMY SOARD,MARTY SPIVEY,HARRY LEIGH,TIM RUDISELL SR,MARK EGBERT,BRETT THOMPSON,KENT JACKSON,BILL BRUBAKER,BRIAN LARGE,STAN DOZIER,GREG ROBINSON,AL MARCUM,CHRIS MOORE,CHRIS STEAGALL,RON SEXTON,JUSTIN CORDES,JACK MOLLMAN,LEE LOMMEL,DAVID NEAL,ERIC WESSEL,BOB HAMMONS,RUSTY HOUNSHELL,DOUG RICHARDS
5 Centimeters per Second,Accel World,Accel World OVA,Acchi Kocchi,Ai Mai Mii,Aiura,Akuma no Riddle,Angel Beats!,Angel Beats! Another Epilogue,Angel Beats! Hell's Kitchen,Angel Beats! Special,Animal Crossing,Another,Another 0-kan,Aoi Sekai no Chuushin de,Asobi ni Iku yo!,Asobi ni Iku yo! Asobi ni Oide,Attack on Titan,Attack on Titan Picture Drama,Baccano!,Baccano! Specials,Baka to Test to Shoukanjuu,Baka to Test to Shoukanjuu 2,Baka to Test to Shoukanjuu Christmas Special,Baka to Test to Shoukanjuu: Matsuri,Baka to Test to Shoukanjuu: Matsuri Special,Baka to Test to Shoukanjuu Specials,Bakemonogatari,Bakemonogatari Recap,Bakuman,Baton,Beyblade,Black Bullet,Black Rock Shooter,Black Rock Shooter TV,Blast of Tempest,BlazBlue: Alter Memory,Blood Lad,Blood The Last Vampire,Blue Exorcist,Blue Exorcist: Kuro's Trip Away From Home,Blue Exorcist Movie,Blue Exorcist Specials,Blue Remains,Bokura ga Ita,Bokura wa Minna Kawaisou,Bokusatsu Tenshi Dokuro-chan,Boku wa Tomodachi ga Sukunai,Boku wa Tomodachi ga Sukunai NEXT,Boku wa Tomodachi ga Sukunai OVA
Rams Head Live,Starland Ballroom,The National,The Norva,Varsity Theatre,House of Blues Dallas,House of Blues - Houston,Diamond Ballroom,Cain's Ballroom,The Blue Note,The Intersection,Pops,House of Blues,Masquerade,The Orange Peel,Jannus Live,Revolution Live,House of Blues Myrtle Beach,Freebird Live,House of Blues Orlando,House Of Blues Cleveland,Bogarts,Saint Andrews Hall,Lifestyle Communities Pavilion,Crocodile Rock,Upstate Concert Hall,House of Blues Atlantic City,Showcase Live,Surf Club,The Chance,B.B. King Blues Club & Grill,Mr. Smalls Funhouse Theatre,Water Street Music Hall,Newport Yachting Center,Hampton Beach Casino Ballroom,The Norva,Lazen Nightclub,House of Blues Myrtle Beach,"Various Venues - Utica, NY",The Chance,Nelson Ledges Quarry Park,The Emporium,The Flying Monkey,Higher Ground,Growler's,Lincoln Theatre,Amos' Southend,Asheville Music Hall,Filthy McNasty's Pubbery,West End Trading Co.,Revolution Live,The Blue Note,The Cotillion,Granada,Pops,The Intersection,Rocket Bar,The Castle Theatre,Newport Music Hall,Cubby Bear,Piere's,Newport Blues Cafe,Electric Factory,Best Buy Theater,Paradise Rock Club,Pearl Street Nightclub,Upstate Concert Hall,State Theatre,Lupo's Heartbreak Hotel,Toad's Place
50-50,Acceptance,Advertisement For The Waldorf-Astoria,April Rain Song,Ardella,As I Grew Older,Bad Morning,Bound No’th Blues,Bouquet,Brass Spittoons,Catch,Children's Rhymes,Cross,Cultural Exchange,Daybreak In Alabama,Deceased,Demand,Democracy,Dinner Guest: Me,Dream Boogie,Dream Variations,Dreams,Easy Boogie,Enemy,Ennui,Final Curve,Fire-Caught,For Selma,Freedom's Plow,Gods,Harlem [dream Deferred],Helen Keller,I Continue To Dream,I Dream A World,"I, Too","I, Too.",In Time Of Silver Rain,Jazzonia,Juke Box Love Song,Justice,Let America Be America Again,Life Is Fine,Lincoln Monument: Washington,Lonesome Place,Love Song For Lucinda,Madam And Her Madam,Madam And The Census Man,Madam And The Phone Bill,Madam And The Rent Man,Madam's Past History,Me And The Mule,Merry-Go-Round,Minstrel Man,Morning After,Mother To Son,Motto,My People,Negro Dancers,Negro Speaks Of Rivers,Night Funeral In Harlem,Oppression,Peace,Personal,Pierrot,Po' Boy Blues,Prize Fighter,Problems,Question [1],Quiet Girl,Sea Calm,Sick Room,Silence,Snake,Songs,Still Here,Sylvester’s Dying Bed,The Ballad Of The Landlord,The Blues,The Dream Keeper,The Negro Mother,The Negro Speaks Of Rivers,The Weary Blues,Theme For English B,To Artina,To Certain,To Certain,Trumpet Player,Wake,Walkers With The Dawn,Wealth,When Sue Wears Red,Will V-Day Be Me-Day Too?,Wisdom And War,Total,Average
Helton Surname DNA Project,Lemon DNA Project,Arney Surname DNA Project,Eads Surname DNA Project,Olson Surname DNA Project,Todd Surname DNA Project,Devlin Surname DNA Project,Yeager Y-DNA,Blan(d)ford Surname DNA Project,Monaghan Surname DNA Project,Hockert Surname DNA Project,Ciarochi Surname DNA Project,Clauder Surname DNA Project,Claypoole Surname Y-DNA Project,Casteel Surname DNA Project,The Coker DNA Project,Gay Family DNA Project,Colfer/Colford Surname Y-DNA Project,Collins DNA Project,Combellack Surname DNA Project,The Conover DNA Project,The Corbett-Corbitt DNA Project,The Corner-Corn DNA Project,Corrigan yDNA,The Coursey/DeCoursey DNA Project,Crabtree DNA Project,The Craig DNA Project,The Crawford DNA Project,The Cullen DNA Project,The Cunningham DNA Project,"The Cushman, Couchman, Y-DNA Project",Clark-PA,Elkins DNA Project,Anderson Surname DNA Project,Daup Surname DNA Project,The Dawe DNA Project,The Deaton DNA Project,The Decker DNA Project,Demby Surname DNA Project,Love Surname DNA Project,The Diaz DNA Project,Steiert Surname Research Project,Melrose Surname DNA Project,Buxton Surname DNA Project,Southworth-Southard DNA Project,Skinner Surname DNA Project,The Drummond and Drum** DNA Project,DF100-CTS4528,The Dunbar DNA Project,The Dunn DNA Project,Durfee DNA Project,Durham Surname DNA Project,The Durie DNA Project,The Durrett DNA Project,The Eaton DNA Project,Scholes Surname DNA Project,Cockett-Cacket-Cakot-Surname DNA Project,Eikemeier Surname DNA Project,Rayl Surname DNA Project,The EMERSON AMERSON AMASON DNA Project,The Emo DNA Project,The Erbeck/Erbach/Ehrbach DNA Project,The Meagher Surname DNA Project,The Exley DNA Project,Gnann Surname DNA Project,McKeich Surname DNA Project,The Fairbairn DNA Project,Locey Surname DNA Project,Familton Surname DNA Project,The Runciman DNA Project,The FANNING DNA Project,The Fields DNA Project,The Finkle DNA Project,The Finlayson DNA Project,The Fisk DNA Project,FA Surname DNA Project,Frame DNA Project,Frain DNA Project,Deis Surname Project,Hulcher/Holzschuh Surname DNA Project,The Gallion DNA Project,The Garcia DNA Project,The Garland/Gernon/Gartland yDNA Project,The Gaston DNA Project,The Gaudet DNA Project,Barkett Surname DNA Project,Hogan Surname,The Geer DNA Project,Gerbig Surname DNA Project,Graybeal / Graybill & Related Surnames DNA Project
Miami (FL),UCLA,Dallas Baptist,LSU,Texas A&M,Florida,TCU,Missouri St.,Illinois,Florida St.,Oklahoma St.,Louisville,Vanderbilt,Houston,Fla. Atlantic,UC Santa Barbara,Radford,Col. of Charleston,Bradley,Coastal Caro.,Virginia,Auburn,Cal St. Fullerton,North Carolina,Southern California,North Carolina St.,Ole Miss,Arizona St.,Iowa,South Fla.,Indiana,Oregon St.,East Carolina,Arkansas,Notre Dame,UNCW,Georgia Tech,Rice,Oral Roberts,Ohio St.,California,Tulane,Maryland,Alabama,North Florida,Nebraska,UConn,Michigan St.,Wright St.,UC Irvine,Southeastern La.,Southern Miss.,La.-Lafayette,Nevada,Clemson,Missouri,UCF,Kentucky,Duke,CSUN,Fresno St.,Stony Brook,South Carolina,Liberty,Michigan,Oregon,Columbia,Memphis,UAB,Creighton,St. John's (NY),Virginia Tech,Middle Tenn.,Tennessee,UTSA,High Point,Oklahoma,Winthrop,Texas Tech,Long Beach St.,Boston College,Lipscomb,Nicholls St.,South Ala.,San Diego,Wake Forest,San Diego St.,Washington,New Mexico,Indiana St.,Kansas St.,Texas,Campbell,Northwestern St.,Georgia,Saint Louis,VCU,Central Mich.,Evansville,Milwaukee,Kennesaw St.,West Virginia,Central Ark.,Loyola Marymount,Samford,Rider,Cal Poly,Wichita St.,Southeast Mo. St.,Old Dominion,Baylor,Stanford,Western Ky.,BYU,FGCU,Kent St.,Grand Canyon,McNeese St.,Pepperdine,Mercer,Morehead St.,Troy,Washington St.,Arizona,Ga. Southern,Arkansas St.,Dartmouth,Davidson,Kansas,Gonzaga,Mississippi St.,Rhode Island,Illinois St.,Elon,Ohio,Stetson,UC Davis,Houston Baptist,Presbyterian,Bakersfield,Ball St.,Sam Houston St.,Louisiana Tech,Utah,UMBC,Texas-Arlington,Delaware,Northwestern,Minnesota,Citadel,Wofford,FIU,Jacksonville,Toledo,Charlotte,Ill.-Chicago,Alabama St.,Texas St.,Belmont,Georgia St.,Pittsburgh,San Francisco,Bryant,Purdue,Seton Hall,South Dakota St.,Penn St.,Penn,William & Mary,Santa Clara,UNLV,Monmouth,Texas Southern,St. Mary's (CA),Georgetown,Holy Cross,Rutgers,Jacksonville St.,Richmond,Binghamton,Longwood,Air Force,Akron,Marshall,UNCG,Ark.-Pine Bluff,VMI,Hawaii,Northeastern,La Salle,George Washington,Sacramento St.,IPFW,A&M-Corpus Christi,Charleston So.,Tennessee Tech,UNC Asheville,Cincinnati,Fordham,Quinnipiac,Furman,Hartford,Wagner,Canisius,Eastern Mich.,Bowling Green,Saint Joseph's,SIUE,Hofstra,Maine,Northern Ky.,Butler,Austin Peay,UMass Lowell,UALR,La.-Monroe,Navy,Siena,Harvard,Abilene Christian,Bucknell,Valparaiso,Sacred Heart,Western Mich.,Western Caro.,Incarnate Word,George Mason,James Madison,Alabama A&M,Seattle,Appalachian St.,Florida A&M,Southern Ill.,Northern Ill.,Xavier,North Dakota,Western Ill.,Lafayette,Lehigh,Stephen F. Austin,Oakland,Massachusetts,Jackson St.,Youngstown St.,Villanova,Gardner-Webb,Marist,Lamar,Omaha,Towson,East Tenn. St.,Albany (NY),Fairfield,UC Riverside,Utah Valley,North Dakota St.,NJIT,Southern U.,Brown,Norfolk St.,Bethune-Cookman,Eastern Ky.,San Jose St.,Yale,USC Upstate,Pacific,Army West Point,Iona,Tex.-Pan American,Princeton,New Orleans,Eastern Ill.,Fairleigh Dickinson,Manhattan,Portland,NYIT,Buffalo,UT Martin,Cornell,Miami (OH),Murray St.,N.C. Central,UMES,St. Bonaventure,LIU Brooklyn,Savannah St.,New Mexico St.,Central Conn. St.,Dayton,Northern Colo.,Alcorn,Saint Peter's,Chicago St.,Grambling,Niagara,Mt. St. Mary's,Delaware St.,N.C. A&T,Mississippi Val.,Prairie View,Coppin St.
Col. of Charleston,Missouri,San Jose St.,Central Ark.,Purdue,LIU Brooklyn,Toledo,St. Francis Brooklyn,Wright St.,Hampton,Tennessee,Chicago St.,Portland St.,Washington,Arizona,Stetson,McNeese St.,Saint Peter's,San Diego,Iowa,Troy,Butler,George Washington,La.-Monroe,UTSA,Stony Brook,Norfolk St.,Southeast Mo. St.,San Diego St.,LSU,Holy Cross,Western Ill.,Tulsa,Miami (OH),Fordham,CSU Bakersfield,Appalachian St.,Southeastern La.,Texas Southern,California,UTEP,North Carolina,Niagara,South Carolina St.,Georgia,Southern Miss.,Vermont,Texas A&M,Cornell,South Carolina
46 G,46 E,46 D,45 K,45 J,45 H,45 G,45 E,45 D,45 C,45 B,45 A,44 K,44 J,44 H,44 G,44 E,44 D,44 C,44 B,44 A,43 K,43 J,43 H,43 G,43 E,43 D,43 C,43 B,43 A,42 K,42 J,42 H,42 G,42 E,42 D,42 C,42 B,42 A,41 K,41 J,41 H,41 G,41 E,41 D,41 C,41 B,41 A,40 K,40 J,40 H,40 G,40 E,40 D,40 C,40 B,40 A,39 K,39 J,39 H,39 G,39 E,39 D,39 C,39 B,39 A,38 K,38 J,38 H,38 G,38 E,38 D,38 C,38 B,38 A,37 K,37 J,37 H,37 G,37 E,37 D,37 C,37 B,37 A,36 K,36 J,36 H,36 G,36 E,36 D,36 C,36 B,36 A,35 K,35 J,35 H,35 G,35 E,35 D,35 C,35 B,35 A,34 K,34 J,34 H,34 G,34 E,34 D,34 C,34 B,34 A,33 K,33 J,33 H,33 C,33 B,33 A,31 K,31 J,31 B,31 A,30 K,30 J,30 H,30 G,30 E,30 D,30 C,30 B,30 A,29 K,29 J,29 H,29 G,29 E,29 D,29 C,29 B,29 A,28 K,28 J,28 H,28 C,28 B,28 A,27 K,27 J,27 H,27 G,27 E,27 D,27 C,27 B,27 A,26 K,26 J,26 H,26 G,26 E,26 D,26 C,26 B,26 A,25 K,25 J,25 H,25 G,25 E,25 D,25 C,25 B,25 A,24 K,24 J,24 H,24 G,24 E,24 D,24 C,24 B,24 A,23 K,23 J,23 H,23 G,23 E,23 D,23 C,23 B,23 A,22 K,22 J,22 H,22 G,22 E,22 D,22 C,22 B,22 A,21 K,21 J,21 H,21 G,21 E,21 D,21 C,21 B,21 A,20 K,20 J,20 G,20 E,20 D,20 B,20 A,19 G,19 E,19 D,10 K,10 J,10 H,10 G,10 D,10 C,10 B,10 A,9 K,9 J,9 D,9 C,9 H,9 G,9 B,9 A,8 K,8 J,8 H,8 G,8 D,8 C,8 B,8 A,7 K,7 J,7 D,7 C,7 H,7 G,7 B,7 A,6 K,6 J,6 H,6 G,6 D,6 C,6 B,6 A,2 K,2 A,2 H,2 C,1 K,1 A,1 H,1 C
Martin Choo,Chelsy Passmore,Michelle Lydon,Ingrid Morken,ANDREW CASTEEL (test2),Michelle Lydon,Lynn Adachi,Nick Steffen,Tyler Grushkowitz,Anna Asnis,Lisa Aragon,Bill Stagnaro,Sunil Goda,Doug Wiedwald,Kymba A'Hearn,Peter Bennett,Colin Miller,Diane Larson,Craig Tackabery,janet hughes,Suzanne York,Samantha Swan,tina tang,Brad Smith,Kelly Strodl,Debbie Griffin,Harsha Kudoor,Guy Gong,Autumn Buss,Stephanie Frans,Victor Garcia,Austin Arkin,Romanas Zontovicius,Julie Larwood,Rosiella Ileto,Kristy Miller,nate perry,Isabelle Minn,Ashley Levy,Ivy Dwiggins,Arya Tedjasaputra,Herman Lee,Jeff Liszka,Ronald Gotong,josh andrews,Yves Zsutty,Rosiella Ileto,ANDREW CASTEEL (test2),Edward Truong-Cao,Jack Hall
ANDREW CASTEEL (test2),Jessica Meek,Alexi Lamadrid,Jennifer Picard,Robyn Kauth,Rachel Badua,Ayah Young,S Williams,Sarah Hamidi,Jonathan Schoenfeld,Jamie Coniglio,Sandra Weeks,Matt Paul,Amber Park,Beverly Pitzer,Jacob Farkas,cassie byrd,Jeremy Ware,ELISABETH MARTINEZ,Ralph B,Adam Brody,Louis Schuman,Karen Chae,Jeffrey Cohen,Nick Steffen,Dawn Nakashima,Ross Tomita,Clayton Anderson,Tomaz Muraus,kate ryan,Claire Bonham-Carter,Kirsten Findlay,Kimberly Moses,Chris Talley,Charlene Charles-Will,Cassidy Lloyd,Sean Avent,Tamlyn SchaferBright,Phil Cornish,Krista Salas,Debra Rogers,Kenya Wheeler,Marnette Federis,Mark Frey,Bryan McCann,Chris Stratton,Mary Small,Lisa Beilke,Tom Boss,rosemary retnschler
AKRON OH,ALBANY,ALBUQUERQUE,ALEXANDRIA,ANCHORAGE AK,ATLANTA DOWNTOWN,ATLANTA NORTH,AUGUSTA GA,BALTIMORE,BILLINGS,BIRMINGHAM,BOSTON,BRONX,BROOKLYN,BUFFALO,CHARLESTON SC,CHARLESTON WV,CHARLOTTE,CHARLOTTESVILLE,CHATTANOOGA,CHICAGO,CINCINNATI,CLEVELAND,COLORADO SPRINGS,COLUMBIA MO,COLUMBIA SC,COLUMBUS,COVINGTON GA,CREVE COEUR,DALLAS DOWNTOWN,DALLAS NORTH,DAYTON,DENVER,DETROIT,DOVER,ELKINS PARK,EUGENE,EVANSTON,EVANSVILLE,FARGO,FAYETTEVILLE NC,FLINT,FLORENCE,FORT MYERS FL *,FORT SMITH,FORT WAYNE,FORT WORTH,FRANKLIN TN,FRESNO,FT LAUDERDALE,GRAND RAPIDS,GREENSBORO,GREENVILLE,HARRISBURG,HARTFORD,HATTIESBURG,HONOLULU,HOUSTON NORTH,HOUSTON-BISSONNET,HUNTINGTON,INDIANAPOLIS,JACKSON,JACKSONVILLE,JERICHO,JERSEY CITY,JOHNSTOWN,KANSAS CITY,KINGSPORT,KNOXVILLE,LANSING,LAS VEGAS,LAWRENCE MA,LEXINGTON,LITTLE ROCK,LIVONIA MI,LONG BEACH,LOS ANGELES DOWNTOWN,LOS ANGELES WEST,LOUISVILLE,MACON,MADISON,MANCHESTER,MAYAGUEZ,MCALESTER,MEMPHIS,METAIRIE,MIAMI,MIDDLESBORO,MILWAUKEE,MINNEAPOLIS,MOBILE,MONTGOMERY,MORENO VALLEY CA,MORGANTOWN,MT PLEASANT MI,NASHVILLE,NEW HAVEN,NEW ORLEANS,NEW YORK,NEWARK,NHC ALBUQUERQUE,NHC BALTIMORE,NHC CHICAGO,NHC FALLS CHURCH,NHC ST LOUIS,NORFOLK,NORWALK,OAK BROOK,OAK PARK,OAKLAND,OKLAHOMA CITY,OMAHA,ORANGE,ORLAND PARK,ORLANDO,PADUCAH,PASADENA,PEORIA,PHILADELPHIA,PHILADELPHIA EAST,PHOENIX,PHOENIX NORTH,PITTSBURGH,PONCE,PORTLAND ME,PORTLAND OR,PROVIDENCE,QUEENS,RALEIGH,RENO NV,RICHMOND,RIO GRANDE VALLEY TX *,ROANOKE,ROCHESTER *,SACRAMENTO,SALT LAKE CITY,SAN ANTONIO,SAN BERNARDINO,SAN DIEGO,SAN FRANCISCO,SAN JOSE,SAN JUAN,SAN RAFAEL,SANTA BARBARA,SAVANNAH,SEATTLE,SEVEN FIELDS,SHREVEPORT,SOUTH JERSEY,SPOKANE,SPRINGFIELD MA,SPRINGFIELD MO,ST LOUIS,ST PETERSBURG FL,STOCKTON,SYRACUSE,TACOMA WA,TALLAHASSEE FL,TAMPA,TOLEDO OH,TOPEKA KS,TUCSON,TULSA,TUPELO,VALPARAISO IN,WASHINGTON,WEST DES MOINES,WHITE PLAINS,WICHITA,WILKES BARRE
Accel World,Acchi Kocchi,Air,Air Movie,Amaenaideyo!!,Angel Beats!,Angel Beats! Another Epilogue,Angel Beats! Special,Ano Hi Mita Hana no Namae o Boku-tachi wa Mada Shiranai.,Another,Attack on Titan,Azumanga Daioh,Azumanga Web Daioh,Baka to Test to Shoukanjuu,Bakemonogatari,Bamboo Blade,B Gata H Kei - Yamada's First Time,Black Rock Shooter,Bleach,Blue Exorcist,Blue Spring Ride,Bokura ga Ita,Bokura wa Minna Kawaisou,Bokusatsu Tenshi Dokuro-chan,Boku wa Tomodachi ga Sukunai,Boku wa Tomodachi ga Sukunai OVA,Campione!,Cardcaptor Sakura,Chihayafuru,Chobits,Chuunibyou Demo Koi ga Shitai!,Chuunibyou Demo Koi ga Shitai! Ren,Clannad,Clannad After Story,"Clannad: Another World, Kyou Chapter","Clannad: Another World, Tomoyo Chapter",Clannad Movie,Daily Lives of High School Boys,"Dakara Boku wa, H ga Dekinai.",Darker Than Black - Kuro no Keiyakusha,Darker than Black: Ryuusei no Gemini,Deadman Wonderland,Death Note,Death Note Rewrite 1: The Visualizing God,Denpa Onna to Seishun Otoko,D.Gray-man,D.N.Angel,Dragon Crisis!,Eden of the East,Elemental Gelade
qt-copy,arts,kdelibs,kdebase,kdesupport,kdenetwork,kdepim,kdegraphics,kdeutils,kdeedu,kdegames,kdeartwork,kdemultimedia,kdeaccessibility,kdekiosk,kdebindings,kdesdk,kdetoys,kdeadmin,l10n,kdevelop,kwebdev,valgrind,extragear-addons,extragear-graphics,kdeextragear-multimedia,kdeextragear-network,kdeextragear-office,kdeextragear-pim,kdeextragear-security,kdeextragear-sysadmin,kdeextragear-toys,kdeextragear-utils,kdeextragear-libs,koffice,khtmltest,kofficetest,www,kdereview,playground-artwork,playground-base,playground-edu,playground-games,playground-ioslaves,playground-multimedia,playground-network,playground-pim,playground-sysadmin,kdeplayground-utils,kde-common,bugs
AKRON OH,ALBANY,ALBUQUERQUE,ALEXANDRIA,ANCHORAGE AK,ATLANTA DOWNTOWN,ATLANTA NORTH,BALTIMORE,BILLINGS,BIRMINGHAM,BOSTON,BRONX,BROOKLYN,BUFFALO,CHARLESTON SC,CHARLESTON WV,CHARLOTTE,CHARLOTTESVILLE,CHATTANOOGA,CHICAGO,CINCINNATI,CLEVELAND,COLORADO SPRINGS,COLUMBIA MO,COLUMBIA SC,COLUMBUS,COVINGTON GA,CREVE COEUR,DALLAS DOWNTOWN,DALLAS NORTH,DAYTON,DENVER,DETROIT,DOVER,DOWNEY,ELKINS PARK,EUGENE,EVANSTON,EVANSVILLE,FARGO,FAYETTEVILLE NC,FLINT,FLORENCE,FORT MYERS FL *,FORT SMITH,FORT WAYNE,FORT WORTH,FRESNO,FT LAUDERDALE,GRAND RAPIDS,GREENSBORO,GREENVILLE,HARRISBURG,HARTFORD,HATTIESBURG,HONOLULU,HOUSTON DOWNTOWN,HOUSTON-BISSONNET,HUNTINGTON,INDIANAPOLIS,JACKSON,JACKSONVILLE,JERICHO,JERSEY CITY,JOHNSTOWN,KANSAS CITY,KINGSPORT,KNOXVILLE,LANSING,LAS VEGAS,LAWRENCE MA,LEXINGTON,LITTLE ROCK,LIVONIA MI,LONG BEACH,LOS ANGELES DOWNTOWN,LOS ANGELES WEST,LOUISVILLE,MACON,MADISON,MANCHESTER,MAYAGUEZ,MCALESTER,MEMPHIS,METAIRIE,MIAMI,MIDDLESBORO,MILWAUKEE,MINNEAPOLIS,MOBILE,MONTGOMERY,MORGANTOWN,MT PLEASANT MI,NASHVILLE,NEW HAVEN,NEW ORLEANS,NEW YORK,NEWARK,NHC ALBUQUERQUE,NHC BALTIMORE,NHC CHICAGO,NHC FALLS CHURCH,NHC ST LOUIS,NORFOLK,OAK BROOK,OAK PARK,OAKLAND,OKLAHOMA CITY,OMAHA,ORANGE,ORLAND PARK,ORLANDO,PADUCAH,PASADENA,PEORIA,PHILADELPHIA,PHILADELPHIA EAST,PHOENIX,PHOENIX NORTH,PITTSBURGH,PONCE,PORTLAND ME,PORTLAND OR,PROVIDENCE,QUEENS,RALEIGH,RICHMOND,RIO GRANDE VALLEY TX *,ROANOKE,ROCHESTER *,SACRAMENTO,SALT LAKE CITY,SAN ANTONIO,SAN BERNARDINO,SAN DIEGO,SAN FRANCISCO,SAN JOSE,SAN JUAN,SAN RAFAEL,SANTA BARBARA,SAVANNAH,SEATTLE,SEVEN FIELDS,SHREVEPORT,SOUTH JERSEY,SPOKANE,SPRINGFIELD MA,SPRINGFIELD MO,ST LOUIS,ST PETERSBURG FL,STOCKTON,SYRACUSE,TACOMA WA,TALLAHASSEE FL,TAMPA,TOLEDO OH,TOPEKA KS,TUCSON,TULSA,TUPELO,VALPARAISO IN,WASHINGTON,WEST DES MOINES,WHITE PLAINS,WICHITA,WILKES BARRE
qt-copy,arts,kdelibs,kdebase,kdesupport,kdenetwork,kdepim,kdegraphics,kdeutils,kdeedu,kdegames,kdeartwork,kdeaddons,kdemultimedia,kdeaccessibility,kdekiosk,kdebindings,kdesdk,kdetoys,kdeadmin,l10n,kdevelop,kwebdev,valgrind,extragear-addons,extragear-graphics,kdeextragear-multimedia,kdeextragear-network,kdeextragear-office,kdeextragear-pim,kdeextragear-security,kdeextragear-sysadmin,kdeextragear-toys,kdeextragear-utils,kdeextragear-libs,koffice,khtmltest,kofficetest,www,kdereview,playground-artwork,playground-base,playground-edu,playground-games,playground-ioslaves,playground-multimedia,playground-network,playground-pim,playground-sysadmin,kdeplayground-utils,kdenonbeta,kde-common,bugs
It Is Well With My Soul,Here I Am To Worship,Fairest Lord Jesus Medley,Inside Out,I Could Sing Of Your Love Forever,There Is A Redeemer,How Beautiful,We Gather Together,Always Will,His Eyes,We Bring The Sacrifice Of Praise,Come Now Is The Time To Worship,Trust & Obey,The Perfect Wisdom Of Our God,Doxology,My Faith Looks Up To Thee,The Solid Rock,Children's Eyes,Leaning On The Everlasting Arms,Jesus How We Love You,Sweet Mercies,Just As I Am/unless A Grain Of Wheat,Be Still My Soul,There Is A Fountain,I Will Be Here,Isn't He,Jesus The Very Thought Of Thee,Be Thou My Vision,Sacrifice Of Praise/praise To The Lord,Shout To The Lord,Come Thou Fount Of Every Blessing,Above All,I Heard The Voice Of Jesus,I Lift My Hands,Open Our Eyes,Holy God We Praise Thy Name,His Eye Is On The Sparrow,Here I Am To Worship,My Heart Is Filled With Thanksgiving,How Beautiful Medley,Teach Me Your Ways,Jesu Joy Of Man's Desiring,Take My Life & Let It Be,Mighty Is The Power Of The Cross,Change My Heart O God,Rock Of Ages,Give Thanks,Joy Follows Suffering,How Great Thou Art,El Shaddai,As The Deer,The Potter's Hand,Holy Holy Holy,Going Home,Jesus Draw Me Nearer,Majestic Sweetness Sits Enthroned,Our Great Savior,Let Your Living Water Flow,Hosanna,Come Back To Me,He Leadeth Me,It Is Well With My Soul,God Of Wonders,Quiet Hearts,Crown Him With Many Crowns,I Worship You Almighty God,Eagles Wings,Clap Your Hands,Listen To Our Hearts,You Are Holy,I Love You Lord,Here I Am To Worship,Rock Of Ages/in Christ Alone/be Thou My,Remember,He Is Exalted,As The Deer,I Will Be Here,Doxology,Come & Fill This Place,Such Love,Marvelous Grace/amazing Grace,Holy Holy Holy,Shout To The North,Just As I Am,On Eagle's Wings,In The Garden/pass Me Not O Gentle Savio,Softly & Tenderly (w/ Greig's Morning),You Are My King,Give Me Jesus,El Shaddai,Morning Has Broken,Shine On Us,For The Beauty Of The Earth,Tis So Sweet To Trust In Jesus,Breathe,Innocence Lost,It Is Well With My Soul,When I Look Into Your Holiness,Above All,When The Storms Are Raging Stand By Me,Search Me & Know Me,Jesus Lover Of My Soul,What A Friend We Have In Jesus,Near To The Heart Of God,You Are My Hiding Place,Shepherd Of All Who Wander,Seek Ye First,In Christ Alone,Holy Holy Holy,My Jesus I Love Thee,And Can It Be,Haven't You Been Good,We Fall Down,Shout To The Lord,I Want To Be Where You Are,Living Water,Amazing Grace,The Lord's Prayer,All Creatures Of Our God & King,This Is My Father's World,There's Something About That Name,Innocent Eyes,When I Survey,Tis So Sweet To Trust In Jesus,One Love,Joyful Joyful Medley,Just As I Am,Say The Name,Sing Hallelujah,Only By Grace,Come Just As You Are,The Love Of God,I Choose To Follow,How Great Are You,An Angel's Touch/o God You Search Me,Sunset Coast,I Surrender All,When I Turn To You (Bryan's Hymn),We Worship & Adore You,Where There Is Faith,Amazing Grace,Singing Our Praises To Jesus,Spirit Of The Living God/holy Ground,How Beautiful,Here I Am To Worship,Breathe,Somewhere Beyond The Moon,I Could Sing Of Your Love Forever,Thy Word,Morning Has Broken,New World Symphony/only Trust Him,Come Worship The Lord,I Have Decided To Follow Jesus Medley,The Heart Of Worship,Come Now Is The Time To Worship,Shout To The Lord,Change My Heart O God,A Mighty Fortress Is Our God,What A Friend We Have In Jesus,Psalm 91,Our Children God's Children,When I Survey The Wondrous Cross,I Believe,Jesus Name Above All Names,Why Do You Love Me,Great Is Thy Faithfulness,The Lord's Prayer,I Stand In Awe,The Tribute/agnus Dei,Lord You Have My Heart,Better Is One Day,Held,I Surrender All,What Wondrous Love,Worship Medley,The Greatest Thing In All My Life Medley,Glory To His Name (down At The Cross),Holy Holy Holy,O Amazing,Jesus Is The Name We Honor,There Is A Redeemer,He Leadeth Me,Shout To The Lord/how Great Thou Art,Here I Am To Worship,Kum Ba Yah,Jesus Loves Me,Cinderella,More Precious Than Silver,Sleepers Awake,Questions,Somewhere In The World,How Beautiful,It Is Well With My Soul,Wonderful Merciful Savior,There Is A River,The Old Rugged Cross,Give Thanks,Days Of Elijah,Tomorrow,Margee Ann,Wonderful Peace,Open Windows,Father I Want You To Hold Me,Draw Me Close,The Lord's Prayer,Great Is Thy Faithfulness,I Will Be Here,Above All,I Need Thee Every Hour,Lamb Of God/lord Have Mercy Upon Us,Rock Of My Salvation,Be Thou My Vision,Jesus Is The Sweetest Name I Know,Three Beautiful Words,To The Lamb,He Is Exalted,He's Been Faithful,I Will Be Free,And Your Praise Goes On,By Your Side,How Can I Keep From Singing,You Are My King,O Worship The King,Be Still & Know,Open The Eyes Of My Heart,Come Now Is The Time To Worship,Revive Me Again,O God Our Help In Ages Past,I Surrender All,My Faith Looks Up To Thee,People Need The Lord,Great Is Thy Faithfulness,I Could Sing Of Your Love Forever,Servant's Heart,It's Your Blood,Things We Leave Behind,All Heaven Declares,Speak To Me Lord,Lamb Of God,Find Your Wings,Rest In The Light,Praise To The Lord The Almighty,Glorify Thy Name,Everlasting God,Beautiful,I Bow Down,My Jesus I Love Thee/in His Time,Blessed Assurance,Here I Am Lord,Cinderella,He Is Exalted,Above All,Carry Me,Missin You,Sincerely Yours,Love's Been Following You,In This Very Room,Joyful Joyful We Adore Thee,Listening,Softly & Tenderly,The Wind Beneath My Wings,The Servant Song/make Me A Servant,All Heaven Declares,Gotta Get There,I Will Be Here,Heal The Wound,Purify My Heart,Dona Nobis Pacem/sent Forth By God,I Will Praise Him Still,We Bring The Sacrifice Of Praise,Be Thou My Vision Medley,God Of Wonders,You Are My All In All,Finally Home,By His Wounds,I Love To Dwell In Your Presence,Knowing You,As The Deer,Threads,Great Is Thy Faithfulness,I Surrender All,His Eye Is On The Sparrow,Amazing Grace (My Chains Are Gone),People Need The Lord Medley,Sweet Hour Of Prayer,Come Thou Fount Of Every Blessing,Solitude,Word Of God Speak,Thy Word,You Are My Hiding Place,Lord I Lift Your Name On High,You Are My King,Victory In Jesus,Carry Me,Beneath The Cross Of Jesus,My Jesus I Love Thee,God Is It True (trust Me),Pass It On/give Thanks,Be Still My Soul,Jesus All For Jesus,I Can Only Imagine,In My Prayers Tonight,Abide With Me,There Is A Fountain,We Are An Offering,Love Lifted Me,Sweet Will Of God,The Lord's Prayer,God Leads Us Along/he Hideth My Soul,Breathe,Doxology/alleluia,To You O Lord,Made To Worship,Open The Eyes Of My Heart,This Is My Father's World,More Precious Than Silver,Mountain Of God,We Gather Together,Take My Life & Let It Be,There Is Prayer,Come Let Us Worship & Bow Down,Praise Him,How Great Thou Art,Come Now Is The Time To Worship,He Is Good,Blessed Be Your Name,Jesus The Very Thought Of Thee,My Jesus I Love Thee,Amazing Grace/my Chains Are Gone,His Strength Is Perfect,This Kingdom,Fairest Lord Jesus,You Are Good,What A Friend We Have In Jesus,He Leadeth Me,God Of Wonders,How Deep The Father's Love For Us,Breath Of God,Everlasting God,Lord I Want To Be A Christian/prelude Xi,El Shaddai/you Are My Hiding Place,God Will Make A Way,What Have I Done,He Giveth More Grace/cares Chorus,Shout To The Lord,You Are My Passion,Turn Your Eyes Upon Jesus,Doxology,Spirit Of God Descend Upon My Heart,More Love More Power,I Surrender All,I Need A Hero,Open Our Eyes,Tis So Sweet To Trust In Jesus,Nothing But The Blood,Jesus The Very Thought Of Thee,Jesus Paid It All,The Wind Beneath My Wings,Praise To The Lord The Almighty,I Surrender All,Come Thou Fount Of Every Blessing,1000 Miles,Lost In Wonder,Shepherd Of My Heart,He Leadeth Me,Amazing Grace,Near To The Heart Of God,Like A River Glorious,It Is Well With My Soul,My Faith Looks Up To Thee,Belong,Here I Am To Worship,Savior Like A Shepherd Lead Us Medley,Refiner's Fire,Morning Has Broken,Come Thou Fount Of Every Blessing,This Is My Father's World,Thy Word
Hooked Gamers,GameDaily *,Play Magazine,IGN,RPGamer,Cheat Code Central,1UP,Game Vortex,NintendoWorldReport,GameSpot,Gaming Age,GameSpy,GamePro,Game Boyz,GameAlmighty *,UGO,GameTrailers,GameZone,JIVEMagazine,Nintendo Life,Worthplaying,Nintendo Spin,Gamer 2.0,GameShark,Game Revolution,RPGFan,Thunderbolt,AtomicGamer,Lawrence,Extreme Gamer,Deeko,Game Positive *,EGM,GotNext,ZTGD,Gamer Within,GamersMark,Video Game Talk,GamingExcellence,Console Monster,Nintendojo,Gaming Target,Gamestyle,NTSC uk *,G4TV,gamesTM,Edge Magazine UK,GamesMaster UK,Hardcore Gamer,Nintendo Power,Game Informer,The Laser,Kombo,N-Europe,Nintendo Gamer,Armchair Empire,GameCritics,Console Gameworld,GameTap,Game Chronicles,play.tm,Pelit (Finland),Official Nintendo Magazine UK,NZGamer,Eurogamer,Gameplayer,PALGN,VideoGamer,Cubed3,Fragland,AllRPG,D+PAD Magazine,AusGamers,DarkZero,Kikizo,Gameplanet,Digital Chumps,HonestGamers,TotallyGN,Gamer Limit
Rozen Maiden: Detective Kun-Kun,Ningyo Hime Marina no Bouken,"Kuroshitsuji: His Butler, Show Business",Kuroshitsuji 2,Kuroshitsuji,Katsugeki Shoujo Tanteidan,Full Metal Panic!,Fullmetal Alchemist: The Sacred Star of Milos,Fullmetal Alchemist The Movie: Conqueror of Shamballa,Fullmetal Alchemist: Reflections,Fullmetal Alchemist: Premium Collection,Fullmetal Alchemist: Brotherhood Specials,Fullmetal Alchemist: Brotherhood: 4-Koma Theater,Fullmetal Alchemist: Brotherhood,Fullmetal Alchemist,Fruits Basket,"Final Fantasy VII: On the Way to a Smile, Episode: Denzel",Final Fantasy VII: Last Order,Final Fantasy VII: Advent Children,Final Fantasy Unlimited,Final Fantasy: The Spirits Within,Final Fantasy: Legend Of The Crystals,Elemental Gelade,Dragon Ball Z Special 2: The History of Trunks,Dragon Ball Z Special 1: Bardock - The Father of Goku,Dragon Ball Z: Plan to Destroy the Saiyajin,Dragon Ball Z Movie 13: Wrath of the Dragon,Dragon Ball Z Movie 12: Fusion Reborn,Dragon Ball Z Movie 11: Bio-Broly,Dragon Ball Z Movie 10: Broly - Second Coming,Dragon Ball Z Movie 9: Bojack Unbound,Dragon Ball Z Movie 8: The Legendary Super Saiyan,Dragon Ball Z Movie 7: Super Android 13,Dragon Ball Z Movie 6: Return of Cooler,Dragon Ball Z Movie 5: Cooler's Revenge,Dragon Ball Z Movie 4: Lord Slug,Dragon Ball Z Movie 3: The Tree of Might,Dragon Ball Z Movie 2: The World's Strongest,Dragon Ball Z Movie 1: Dead Zone,Dragon Ball Z: Atsumare! Goku World,Dragon Ball Z,Dragon Ball: Yo! The Return of Son-Goku and Friends!!,Dragon Ball: Plan to Destroy the Saiyajin,Dragon Ball Movie 4: The Path to Power,Dragon Ball Movie 3: Mystical Adventure,Dragon Ball Movie 2: Sleeping Princess in Devil's Castle,Dragon Ball Movie 1: Curse of the Blood Rubies,Dragon Ball: Goku's Traffic Safety,Dragon Ball: Goku's Fire Brigade,Dragon Ball
Direct Marketing Association v. Brohl,Mellouli v. Lynch,Perez v. Mortgage Bankers Association,OBB Personenverkehr AG V. Sachs,United States v. Kwai Fun Wong,U.S. Department of Transportation v. Association of American Railroads,Ford Motor Company v. United States,Wood v. Moss,Gelboim v. Bank of America,City of Los Angeles v. Patel,"Hana Financial, Inc. v. Hana Bank",Arizona State Legislature v. Arizona Independent Redistricting Commission,Johnson v. City of Shelby,Riley v. California,Coleman v. Tollefson,"Spokeo, Inc. v. Robins",Ohio v. Clark,Texas Dept. of Housing and Community Affairs v. Inclusive Communities...,Kerry v. Din,City and County of San Francisco v. Sheehan,Bank of America v. Caulkett,Davis v. Ayala,Brumfield v. Cain,Henderson v. US,Dollar General Corporation v. Mississippi Band of Choctaw Indians,Williams-Yulee v. The Florida Bar,Susan B. Anthony List v. Driehaus,"Oneok, Inc. et al. v. Learjet, Inc. et al.",Alice Corporation v. CLS Bank International,Clark v. Rameker,United States v. Clarke,Loughrin v. United States,"Halliburton Co. v. Erica P. John Fund, Inc.",CTS Corp. v. Waldberger,B&B Hardware Inc. v. Hargis Industries Inc.,Burwell v. Hobby Lobby Stores,"Nautilus, Inc. v. Biosig Instruments, Inc.","Integrity Staffing Solutions, Inc. v. Busk","Omnicare, Inc. v. Laborers District Council Construction Industry Pension...","ABC, Inc. v. Aereo, Inc.",Lane v. Franks,Maryland State Comptroller of Treasury v. Wynne,"Reed et al. v Town of Gilbert, Arizona et al.",Warger v. Shauers,North Carolina Board of Dental Examiners v. Federal Trade Commission,Tibble v. Edison International,Tolan v. Cotton,"Alabama Department of Revenue v. CSX Transportation, Inc.",Martinez v. Illinois,Heien v. North Carolina
5 Centimeters per Second,Air,Air Summer Special,Amagami SS,Amagami SS+,Amagami SS OVA,Amagami SS Special,Angel Beats!,Angel Beats! Another Epilogue,Angel Beats! Special,Ano Hi Mita Hana no Namae o Boku-tachi wa Mada Shiranai.,Arakawa Under the Bridge,Arakawa Under the Bridge x Bridge,Aria the Origination,Aria the Origination Special,Baka to Test to Shoukanjuu,Baka to Test to Shoukanjuu 2,Baka to Test to Shoukanjuu: Matsuri,Bakemonogatari,Bannou Yasai Ninninman,Beelzebub,Ben-To,B Gata H Kei - Yamada's First Time,Black Lagoon,Black Lagoon Specials,Black Lagoon: The Second Barrage,Black Rock Shooter,Bleach,Bobobo-bo Bo-bobo,Boku wa Tomodachi ga Sukunai,Boku wa Tomodachi ga Sukunai OVA,Bungaku Shoujo,Canaan,Chaos;HEAd,Chibits,Chihayafuru,Chobits,Clannad,Clannad After Story,"Clannad: Another World, Kyou Chapter","Clannad: Another World, Tomoyo Chapter",Code Geass: Lelouch of the Rebellion,Colorful (2010),Cowboy Bebop,Cowboy Bebop: The Movie,C: The Money of Soul and Possibility Control,Dantalian no Shoka,Death Note,Denpa Onna to Seishun Otoko,Dragon Ball
